case_id,trigger,hypothesis,evidence_for,evidence_against,statistical_strength,business_magnitude,alternative_explanation,status,decision
RC1,Observed tail decline in 2018-10 versus 2018-07; only 4 orders in the final observed month.,H1 seller count collapse,Final tail reports nan active sellers versus 1278 in 2018-08.,The tail is a partial observation and is excluded by the complete-period rule.,measurement evidence,edge-month GMV is 0.00 versus 854686.33 in the prior complete month,delayed or truncated extract,Inconclusive as a business collapse,gate executive reporting on completeness
RC1,Observed tail decline in 2018-10 versus 2018-07; only 4 orders in the final observed month.,H2 seller productivity collapse,Observed GMV per seller is not interpretable in the four-order tail.,Complete months retain normal seller productivity; the denominator itself is incomplete.,measurement evidence,tail is not decision-eligible,partial-month mix,Rejected as the primary explanation,do not escalate commercial action from the tail
RC1,Observed tail decline in 2018-10 versus 2018-07; only 4 orders in the final observed month.,H3 AOV collapse,"Tail AOV is 0.00, driven by four orders.",AOV is computed on an ineligible partial period.,measurement evidence,tail AOV is not comparable,small-sample volatility,Rejected as a headline explanation,flag partial periods
RC1,Observed tail decline in 2018-10 versus 2018-07; only 4 orders in the final observed month.,H4 data incompleteness,The last observed months fail the documented complete-month rule.,No raw row-level check can prove the upstream extract's intended end date.,strong measurement evidence,false-alarm risk is material,legitimate seasonality cannot be ruled out without current data,Confirmed measurement issue,enforce a period-completeness gate
RC2,Actionable origins show different conversion rates and sparse groups have wide uncertainty.,H1 optimize raw MQL volume alone,"MQL volume and conversion rank different origins; social contributes 1,350 MQLs but converts at 5.6%.",Volume is not downstream value and unknown is not actionable.,descriptive + association,paid vs social gap is 6.7 percentage points,channel mix and sales routing,Rejected hypothesis,use a multidimensional channel scorecard
RC2,Actionable origins show different conversion rates and sparse groups have wide uncertainty.,H2 origin is associated with conversion,Global origin test and FDR-adjusted pairwise tests provide evidence of conversion differences.,Effect size is modest and does not establish causal channel quality.,Level 2 association,Cramér's V is 0.131,"selection bias, linkage and unmeasured seller mix",Plausible contributor,separate acquisition efficiency from retention claims
RC2,Actionable origins show different conversion rates and sparse groups have wide uncertainty.,H3 origin-specific retention advantage is established,M3 retention CI table is eligibility-aware.,The adjusted retention model and global M3 test do not provide strong evidence of origin-specific retention intervention.,null / inconclusive,M3 eligible n is 281,cohort timing and censoring,Rejected by current evidence,do not optimize channels on M3 retention alone
RC3,Median first-sale time is 44 days and activation by 30 days is 34.2% among valid links.,H1 seller onboarding has a long time-to-value,Activation timing distribution and cumulative curve show a delayed first sale.,Historical data does not identify which onboarding step caused delay.,descriptive timing evidence,only 34.2% activate by 30 days,"seller readiness, category and demand differences",Supported business signal,instrument 7/30/60-day onboarding checkpoints
RC3,Median first-sale time is 44 days and activation by 30 days is 34.2% among valid links.,H2 faster activation is associated with stronger M3 retention,M3 retention rates decline across activation-speed buckets after the small ≤7d bucket.,The comparison is observational and extreme buckets are small.,descriptive association,31–60d versus >90d rates are 34.4% and 22.7%,reverse causality and seller mix,Plausible contributor,test onboarding interventions with retention as guardrail
RC3,Median first-sale time is 44 days and activation by 30 days is 34.2% among valid links.,H3 origin alone explains activation speed,Activation speed varies by origin in the CI table.,Origin is not the same as seller readiness or onboarding experience.,descriptive comparison,origin differences require volume flags,seller segment and category mix,Inconclusive,target the onboarding journey rather than a channel proxy
RC4,Top 20% of sellers account for 82.7% of seller GMV proxy.,H1 marketplace value is concentrated,Lorenz/Gini and top-share statistics show a long-tailed seller distribution.,"Concentration is measured on historical positive-GMV sellers, not current supply health.",Level 1 descriptive pattern,Gini 0.792; top 1% 26.1%,multi-seller attribution and seller churn,Supported risk signal,monitor top 1/5/10/20% shares
RC4,Top 20% of sellers account for 82.7% of seller GMV proxy.,H2 generic seller diversification is the right immediate action,High concentration creates dependency risk.,The evidence does not identify which categories or states are fragile.,decision evidence,top 20% share 82.7%,some concentration may reflect healthy specialization,Rejected as a generic action,target categories with high GMV and weak seller breadth
RC4,Top 20% of sellers account for 82.7% of seller GMV proxy.,H3 concentration is stable across time and segments,Monthly and category concentration tables permit the check.,Historical scope does not establish a universal threshold or causal driver.,descriptive + robustness,segment and time monitoring required,category mix and seller entry/exit,Inconclusive until monitoring is refreshed,"use a monitoring trigger, not an arbitrary threshold"
RC5,Late orders have lower reviews and a higher low-review rate than on-time orders.,H1 delivery lateness is associated with customer-experience deterioration,Mean review penalty is -1.73 points and low-review risk ratio is 5.87x.,Association is not causal proof.,Level 2 association + bootstrap,risk difference +44.8 percentage points,"category, state, freight and review selection",Supported business mechanism,prioritize operational investigation by volume × severity × penalty
RC5,Late orders have lower reviews and a higher low-review rate than on-time orders.,H2 delay severity has a dose-response pattern,Severity buckets retain monotonic operational detail and show the late tail's weaker review outcomes.,Early/late buckets are observational and some extremes are smaller.,descriptive severity evidence,late >14d is the most severe diagnostic segment,delivery route and category mix,Plausible contributor,investigate severity bands before a broad rollout
RC5,Late orders have lower reviews and a higher low-review rate than on-time orders.,H3 one seller is the root cause,Seller-level responsibility is not available for multi-seller orders without attribution assumptions.,Order-level evidence should not assign blame to a single seller.,rejected attribution,seller attribution is a measurement limitation,"carrier, route, category and customer geography",Rejected hypothesis,do not assign seller blame from this dataset
RC6,Selected high-value category cool_stuff falls 46.5% from 2018-07 to 2018-08 while retaining sufficient historical volume.,H1 category demand/GMV deterioration,"The category is selected using material GMV, sufficient orders and complete-month decline.",Historical category trend is not a current commercial forecast.,descriptive trend evidence,selected category GMV change -46.5%,mix shift and partial periods,Plausible contributor,build a category-specific diagnostic plan
RC6,Selected high-value category cool_stuff falls 46.5% from 2018-07 to 2018-08 while retaining sufficient historical volume.,H2 orders versus AOV explains the category movement,"Category tables separate GMV, orders and AOV/productivity proxies.",Decomposition is descriptive and may not capture assortment changes.,accounting decomposition,drivers are available in category_analysis_extended.csv,"price, assortment and promotion data are unavailable",Supported diagnostic path,choose an intervention only after driver split
RC6,Selected high-value category cool_stuff falls 46.5% from 2018-07 to 2018-08 while retaining sufficient historical volume.,H3 seller breadth/productivity explains the decline,Active sellers and GMV per seller are tracked by category.,Seller attribution is item-based and multi-seller order context remains limited.,descriptive segment evidence,seller breadth and productivity must be compared,seller mix and assortment,Inconclusive until drilldown,monitor category seller breadth and productivity
RC6,Selected high-value category cool_stuff falls 46.5% from 2018-07 to 2018-08 while retaining sufficient historical volume.,H4 category experience explains the decline,Category late rate and review metrics are available for further investigation.,No causal demand model is available.,associative operational evidence,"customer-experience gap is a guardrail, not invented lost GMV","seasonality, price and product mix",Inconclusive,keep CX in the category decision card as a guardrail

