days_since_won,at_risk,events,censored,survival,cumulative_activation,metric_version
0.0,840,0,0,1.0,0.0,v3
2.1621,840,0,1,1.0,0.0,v3
3.2097,839,1,0,0.99880810488677,0.0011918951132300348,v3
4.04,838,1,0,0.9976162097735399,0.0023837902264600697,v3
4.1617,837,1,0,0.9964243146603099,0.0035756853396901045,v3
5.1794,836,0,1,0.9964243146603099,0.0035756853396901045,v3
5.3648,835,1,0,0.9952309921277825,0.004769007872217457,v3
5.8785,834,1,0,0.9940376695952552,0.005962330404744809,v3
5.9463,833,1,0,0.9928443470627278,0.007155652937272161,v3
6.1608,832,1,0,0.9916510245302005,0.008348975469799513,v3
6.2909,831,1,0,0.9904577019976731,0.009542298002326866,v3
6.4417,830,1,0,0.9892643794651458,0.010735620534854218,v3
6.5476,829,1,0,0.9880710569326185,0.011928943067381459,v3
6.6111,828,1,0,0.9868777344000912,0.013122265599908811,v3
6.6892,827,1,0,0.985684411867564,0.014315588132436052,v3
6.7493,826,1,0,0.9844910893350366,0.015508910664963405,v3
6.7541,825,1,0,0.9832977668025092,0.016702233197490757,v3
6.7894,824,1,0,0.9821044442699819,0.01789555573001811,v3
7.1206,823,1,0,0.9809111217374545,0.01908887826254546,v3
7.1502,822,1,0,0.9797177992049272,0.020282200795072813,v3
7.2381,821,1,0,0.9785244766723998,0.021475523327600166,v3
7.2444,820,1,0,0.9773311541398725,0.022668845860127518,v3
7.2659,819,1,0,0.9761378316073451,0.02386216839265487,v3
7.3563,818,1,0,0.9749445090748178,0.025055490925182222,v3
7.7943,817,1,0,0.9737511865422905,0.026248813457709463,v3
7.827,816,1,0,0.9725578640097632,0.027442135990236816,v3
8.0062,815,1,0,0.9713645414772358,0.028635458522764168,v3
8.3569,814,1,0,0.9701712189447085,0.02982878105529152,v3
8.8013,813,1,0,0.9689778964121811,0.031022103587818872,v3
9.1962,812,1,0,0.9677845738796538,0.032215426120346224,v3
9.4774,811,1,0,0.9665912513471265,0.033408748652873466,v3
10.0752,810,1,0,0.9653979288145992,0.03460207118540082,v3
10.3498,809,0,1,0.9653979288145992,0.03460207118540082,v3
10.5084,808,0,1,0.9653979288145992,0.03460207118540082,v3
10.6185,807,1,0,0.9642016488532428,0.035798351146757224,v3
10.8358,806,1,0,0.9630053688918865,0.03699463110811352,v3
10.8651,805,1,0,0.9618090889305301,0.038190911069469924,v3
10.9464,804,1,0,0.9606128089691737,0.03938719103082633,v3
11.0539,803,1,0,0.9594165290078173,0.040583470992182735,v3
11.1959,802,0,1,0.9594165290078173,0.040583470992182735,v3
11.2952,801,0,1,0.9594165290078173,0.040583470992182735,v3
11.6118,800,1,0,0.9582172583465575,0.041782741653442534,v3
11.7444,799,1,0,0.9570179876852977,0.042982012314702334,v3
11.9635,798,1,0,0.9558187170240379,0.04418128297596213,v3
12.1414,797,1,0,0.9546194463627782,0.04538055363722182,v3
12.1658,796,1,0,0.9534201757015184,0.04657982429848162,v3
12.2354,795,0,1,0.9534201757015184,0.04657982429848162,v3
12.3775,794,1,0,0.9522193946238087,0.04778060537619133,v3
12.4209,793,1,0,0.951018613546099,0.048981386453901044,v3
12.5039,792,0,1,0.951018613546099,0.048981386453901044,v3
12.8656,791,1,0,0.9498163144139293,0.05018368558607067,v3
12.9033,790,1,0,0.9486140152817598,0.051385984718240185,v3
13.2113,789,1,0,0.9474117161495902,0.05258828385040981,v3
13.2952,788,0,1,0.9474117161495902,0.05258828385040981,v3
13.353,787,1,0,0.9462078893183963,0.05379211068160372,v3
13.3555,786,1,0,0.9450040624872024,0.05499593751279763,v3
13.3791,785,0,1,0.9450040624872024,0.05499593751279763,v3
13.7481,784,1,0,0.9437987001626013,0.056201299837398744,v3
13.7599,783,1,0,0.9425933378380001,0.057406662161999855,v3
13.7962,782,1,0,0.9413879755133991,0.058612024486600856,v3
13.8456,781,1,0,0.9401826131887981,0.059817386811201856,v3
13.8572,780,1,0,0.9389772508641971,0.061022749135802856,v3
13.9139,779,1,0,0.9377718885395961,0.06222811146040386,v3
14.0512,778,1,0,0.9365665262149951,0.06343347378500486,v3
14.1125,777,1,0,0.9353611638903941,0.06463883610960586,v3
14.1174,776,1,0,0.9341558015657931,0.06584419843420686,v3
14.5812,775,1,0,0.932950439241192,0.06704956075880797,v3
14.738,774,1,0,0.9317450769165909,0.06825492308340908,v3
14.8085,773,1,0,0.9305397145919899,0.06946028540801008,v3
15.0716,772,1,0,0.9293343522673889,0.07066564773261108,v3
15.4279,771,1,0,0.9281289899427879,0.07187101005721208,v3
15.5044,770,1,0,0.9269236276181869,0.07307637238181308,v3
15.8047,769,1,0,0.9257182652935859,0.07428173470641408,v3
15.8171,768,1,0,0.9245129029689848,0.0754870970310152,v3
15.8551,767,1,0,0.9233075406443838,0.0766924593556162,v3
15.8666,766,1,0,0.9221021783197828,0.0778978216802172,v3
15.8719,765,1,0,0.9208968159951818,0.0791031840048182,v3
16.2869,764,0,1,0.9208968159951818,0.0791031840048182,v3
16.3915,763,1,0,0.919689873903445,0.08031012609655497,v3
16.4847,762,1,0,0.9184829318117081,0.08151706818829185,v3
16.6316,761,1,0,0.9172759897199714,0.08272401028002863,v3
16.8826,760,1,0,0.9160690476282346,0.0839309523717654,v3
17.2801,759,0,1,0.9160690476282346,0.0839309523717654,v3
17.6378,758,1,0,0.914860513264609,0.08513948673539096,v3
17.6867,757,1,0,0.9136519789009834,0.08634802109901663,v3
17.7321,756,1,0,0.9124434445373578,0.08755655546264218,v3
17.7374,755,1,0,0.9112349101737321,0.08876508982626785,v3
18.1392,754,1,0,0.9100263758101066,0.08997362418989341,v3
18.185,753,0,1,0.9100263758101066,0.08997362418989341,v3
18.2852,752,1,0,0.9088162343529124,0.09118376564708763,v3
18.3552,751,1,0,0.9076060928957181,0.09239390710428186,v3
18.4989,750,1,0,0.9063959514385239,0.09360404856147608,v3
18.5184,749,0,1,0.9063959514385239,0.09360404856147608,v3
18.6091,748,1,0,0.9051841921451569,0.09481580785484311,v3
18.6825,747,1,0,0.9039724328517899,0.09602756714821015,v3
18.8713,746,1,0,0.9027606735584228,0.09723932644157718,v3
18.8836,745,1,0,0.9015489142650558,0.09845108573494421,v3
19.5483,744,1,0,0.9003371549716888,0.09966284502831124,v3
19.6941,743,1,0,0.8991253956783217,0.10087460432167827,v3
19.9004,742,1,0,0.8979136363849547,0.1020863636150453,v3
19.9982,741,1,0,0.8967018770915877,0.10329812290841234,v3
20.0978,740,1,0,0.8954901177982206,0.10450988220177937,v3
20.8014,739,1,0,0.8942783585048536,0.1057216414951464,v3
20.8458,738,1,0,0.8930665992114867,0.10693340078851332,v3
20.8721,737,1,0,0.8918548399181196,0.10814516008188035,v3
21.3134,736,1,0,0.8906430806247526,0.10935691937524739,v3
21.7516,735,1,0,0.8894313213313856,0.11056867866861442,v3
21.8416,734,1,0,0.8882195620380186,0.11178043796198145,v3
22.0691,733,1,0,0.8870078027446515,0.11299219725534848,v3
22.3408,732,1,0,0.8857960434512846,0.1142039565487154,v3
22.7093,731,1,0,0.8845842841579176,0.11541571584208243,v3
22.7972,730,1,0,0.8833725248645505,0.11662747513544947,v3
22.8177,729,1,0,0.8821607655711836,0.11783923442881639,v3
23.0431,728,1,0,0.8809490062778166,0.11905099372218342,v3
23.135,727,1,0,0.8797372469844497,0.12026275301555034,v3
23.1527,726,1,0,0.8785254876910827,0.12147451230891726,v3
23.5385,725,1,0,0.8773137283977157,0.12268627160228429,v3
23.5791,724,1,0,0.8761019691043487,0.12389803089565132,v3
23.7331,723,1,0,0.8748902098109816,0.12510979018901836,v3
23.8147,722,1,0,0.8736784505176146,0.1263215494823854,v3
24.0353,721,1,0,0.8724666912242476,0.12753330877575242,v3
24.0821,720,1,0,0.8712549319308805,0.12874506806911945,v3
24.2517,719,1,0,0.8700431726375135,0.12995682736248648,v3
24.291,718,1,0,0.8688314133441465,0.13116858665585351,v3
24.314,717,0,1,0.8688314133441465,0.13116858665585351,v3
24.6069,716,1,0,0.8676179616495318,0.13238203835046825,v3
25.2949,715,1,0,0.866404509954917,0.13359549004508298,v3
25.8948,714,1,0,0.8651910582603023,0.1348089417396977,v3
25.9165,713,1,0,0.8639776065656876,0.13602239343431244,v3
26.0625,712,1,0,0.8627641548710728,0.13723584512892717,v3
26.183,711,1,0,0.8615507031764581,0.1384492968235419,v3
26.5931,710,1,0,0.8603372514818434,0.13966274851815663,v3
26.7885,709,1,0,0.8591237997872286,0.14087620021277136,v3
27.6539,708,1,0,0.8579103480926139,0.1420896519073861,v3
27.8834,707,1,0,0.8566968963979992,0.14330310360200083,v3
27.9313,706,1,0,0.8554834447033844,0.14451655529661556,v3
28.283,705,1,0,0.8542699930087697,0.1457300069912303,v3
28.5201,704,1,0,0.853056541314155,0.14694345868584502,v3
28.6359,703,1,0,0.8518430896195403,0.14815691038045975,v3
28.6782,702,1,0,0.8506296379249255,0.14937036207507448,v3
28.7393,701,1,0,0.8494161862303108,0.1505838137696892,v3
28.8657,700,1,0,0.8482027345356961,0.15179726546430394,v3
28.9444,699,1,0,0.8469892828410813,0.15301071715891867,v3
29.1526,698,1,0,0.8457758311464666,0.1542241688535334,v3
29.6055,697,1,0,0.8445623794518519,0.15543762054814814,v3
29.8273,696,1,0,0.8433489277572371,0.15665107224276287,v3
30.0487,695,1,0,0.8421354760626224,0.1578645239373776,v3
30.1193,694,1,0,0.8409220243680077,0.15907797563199233,v3
30.9592,693,1,0,0.8397085726733929,0.16029142732660706,v3
31.0681,692,1,0,0.8384951209787782,0.1615048790212218,v3
31.5833,691,1,0,0.8372816692841635,0.16271833071583652,v3
31.8869,690,1,0,0.8360682175895487,0.16393178241045125,v3
32.0249,689,1,0,0.834854765894934,0.16514523410506599,v3
32.0789,688,1,0,0.8336413142003193,0.16635868579968072,v3
32.3085,687,0,1,0.8336413142003193,0.16635868579968072,v3
32.9473,686,0,1,0.8336413142003193,0.16635868579968072,v3
32.9693,685,1,0,0.8324243195810487,0.16757568041895132,v3
33.1306,684,1,0,0.8312073249617781,0.16879267503822193,v3
33.349,683,1,0,0.8299903303425075,0.17000966965749253,v3
33.3547,682,1,0,0.828773335723237,0.17122666427676303,v3
33.7937,681,1,0,0.8275563411039665,0.17244365889603352,v3
34.0101,680,1,0,0.826339346484696,0.17366065351530402,v3
34.0334,679,1,0,0.8251223518654255,0.17487764813457451,v3
34.0496,678,1,0,0.823905357246155,0.176094642753845,v3
34.0975,677,1,0,0.8226883626268845,0.1773116373731155,v3
34.1438,676,1,0,0.821471368007614,0.178528631992386,v3
34.1918,675,1,0,0.8202543733883434,0.1797456266116566,v3
34.2761,674,0,1,0.8202543733883434,0.1797456266116566,v3
34.7344,673,1,0,0.8190355704561171,0.18096442954388292,v3
35.0483,672,1,0,0.8178167675238908,0.18218323247610924,v3
35.2647,671,1,0,0.8165979645916644,0.18340203540833555,v3
35.6975,670,1,0,0.8153791616594381,0.18462083834056187,v3
35.7477,669,1,0,0.8141603587272118,0.18583964127278818,v3
35.9503,668,1,0,0.8129415557949855,0.1870584442050145,v3
36.2209,667,1,0,0.8117227528627592,0.1882772471372408,v3
36.9456,666,1,0,0.8105039499305328,0.18949605006946724,v3
37.1209,665,1,0,0.8092851469983064,0.19071485300169355,v3
37.1308,664,1,0,0.80806634406608,0.19193365593391998,v3
37.1573,663,1,0,0.8068475411338537,0.1931524588661463,v3
37.4751,662,0,1,0.8068475411338537,0.1931524588661463,v3
37.5345,661,1,0,0.8056268943242715,0.19437310567572852,v3
38.0757,660,1,0,0.8044062475146893,0.19559375248531075,v3
38.735,659,1,0,0.803185600705107,0.19681439929489297,v3
38.7995,658,1,0,0.8019649538955248,0.1980350461044752,v3
38.8161,657,1,0,0.8007443070859426,0.19925569291405743,v3
38.875,656,1,0,0.7995236602763603,0.20047633972363965,v3
38.9257,655,1,0,0.7983030134667781,0.20169698653322188,v3
38.9778,654,1,0,0.7970823666571959,0.2029176333428041,v3
39.0656,653,1,0,0.7958617198476137,0.20413828015238633,v3
39.0658,652,1,0,0.7946410730380314,0.20535892696196856,v3
39.1183,651,1,0,0.7934204262284492,0.20657957377155078,v3
39.1538,650,1,0,0.792199779418867,0.207800220581133,v3
39.166,649,1,0,0.7909791326092848,0.20902086739071524,v3
39.2272,648,0,1,0.7909791326092848,0.20902086739071524,v3
39.2417,647,1,0,0.7897565991740308,0.21024340082596915,v3
39.4799,646,0,1,0.7897565991740308,0.21024340082596915,v3
39.8077,645,1,0,0.7885321703381022,0.2114678296618978,v3
40.0788,644,1,0,0.7873077415021735,0.21269225849782647,v3
40.1072,643,0,1,0.7873077415021735,0.21269225849782647,v3
40.232,642,1,0,0.7860814054562201,0.21391859454377993,v3
41.2589,641,0,1,0.7860814054562201,0.21391859454377993,v3
41.4782,640,0,1,0.7860814054562201,0.21391859454377993,v3
41.4807,639,0,1,0.7860814054562201,0.21391859454377993,v3
41.7237,638,1,0,0.784849302939831,0.21515069706016898,v3
42.091,637,1,0,0.783617200423442,0.21638279957655804,v3
42.265,636,1,0,0.7823850979070529,0.2176149020929471,v3
42.6904,635,1,0,0.7811529953906639,0.21884700460933615,v3
42.7001,634,1,0,0.7799208928742748,0.2200791071257252,v3
42.7389,633,1,0,0.7786887903578857,0.22131120964211426,v3
42.8789,632,1,0,0.7774566878414967,0.22254331215850331,v3
43.1232,631,1,0,0.7762245853251076,0.22377541467489237,v3
43.5168,630,1,0,0.7749924828087186,0.22500751719128143,v3
43.8779,629,1,0,0.7737603802923295,0.22623961970767048,v3
44.0455,628,1,0,0.7725282777759405,0.22747172222405954,v3
44.1146,627,1,0,0.7712961752595514,0.2287038247404486,v3
44.2552,626,1,0,0.7700640727431624,0.22993592725683765,v3
44.3311,625,1,0,0.7688319702267733,0.2311680297732267,v3
44.354,624,1,0,0.7675998677103842,0.23240013228961576,v3
44.6974,623,1,0,0.7663677651939952,0.2336322348060048,v3
45.0378,622,1,0,0.7651356626776061,0.23486433732239387,v3
45.1869,621,1,0,0.7639035601612171,0.23609643983878292,v3
45.2092,620,0,1,0.7639035601612171,0.23609643983878292,v3
45.2666,619,0,1,0.7639035601612171,0.23609643983878292,v3
45.2756,618,1,0,0.7626674702580436,0.2373325297419564,v3
45.4785,617,0,1,0.7626674702580436,0.2373325297419564,v3
45.7881,616,1,0,0.7614293737154169,0.23857062628458314,v3
45.8961,615,1,0,0.7601912771727902,0.23980872282720977,v3
46.0176,614,1,0,0.7589531806301635,0.24104681936983652,v3
46.5077,613,0,1,0.7589531806301635,0.24104681936983652,v3
46.8586,612,1,0,0.7577130610539704,0.2422869389460296,v3
47.0188,611,1,0,0.7564729414777773,0.24352705852222267,v3
47.3607,610,1,0,0.7552328219015843,0.24476717809841575,v3
47.5034,609,0,1,0.7552328219015843,0.24476717809841575,v3
47.6716,608,1,0,0.7539906626550356,0.24600933734496444,v3
48.0377,607,1,0,0.7527485034084869,0.24725149659151313,v3
48.1349,606,0,1,0.7527485034084869,0.24725149659151313,v3
48.4005,605,1,0,0.7515042910061588,0.2484957089938412,v3
49.1005,604,1,0,0.7502600786038307,0.2497399213961693,v3
49.4106,603,1,0,0.7490158662015026,0.2509841337984974,v3
49.7959,602,1,0,0.7477716537991745,0.25222834620082546,v3
50.2992,601,1,0,0.7465274413968465,0.25347255860315354,v3
50.6498,600,1,0,0.7452832289945184,0.2547167710054816,v3
50.7875,599,1,0,0.7440390165921903,0.2559609834078097,v3
51.2154,598,0,1,0.7440390165921903,0.2559609834078097,v3
51.2373,597,0,1,0.7440390165921903,0.2559609834078097,v3
51.383,596,1,0,0.7427906289804584,0.25720937101954156,v3
51.6188,595,1,0,0.7415422413687266,0.2584577586312734,v3
51.9936,594,1,0,0.7402938537569947,0.25970614624300525,v3
52.2826,593,0,1,0.7402938537569947,0.25970614624300525,v3
52.2933,592,1,0,0.7390433573824052,0.26095664261759477,v3
52.4099,591,1,0,0.7377928610078157,0.2622071389921843,v3
52.6107,590,1,0,0.7365423646332262,0.2634576353667738,v3
52.822,589,1,0,0.7352918682586367,0.2647081317413633,v3
52.8909,588,1,0,0.7340413718840472,0.26595862811595283,v3
52.9015,587,1,0,0.7327908755094577,0.26720912449054235,v3
53.0786,586,1,0,0.7315403791348681,0.26845962086513186,v3
53.3612,585,1,0,0.7302898827602786,0.2697101172397214,v3
53.5034,584,1,0,0.7290393863856891,0.2709606136143109,v3
53.8266,583,1,0,0.7277888900110996,0.2722111099889004,v3
53.9664,582,1,0,0.7265383936365101,0.27346160636348993,v3
54.0913,581,1,0,0.7252878972619206,0.27471210273807944,v3
54.2638,580,1,0,0.724037400887331,0.27596259911266896,v3
54.5676,579,1,0,0.7227869045127415,0.2772130954872585,v3
54.5762,578,1,0,0.721536408138152,0.278463591861848,v3
55.1887,577,1,0,0.7202859117635625,0.2797140882364375,v3
55.4977,576,0,1,0.7202859117635625,0.2797140882364375,v3
55.8339,575,1,0,0.7190332406126694,0.2809667593873306,v3
55.8838,574,1,0,0.7177805694617763,0.28221943053822374,v3
55.9378,573,1,0,0.7165278983108831,0.28347210168911685,v3
56.1155,572,1,0,0.71527522715999,0.28472477284000997,v3
56.1999,571,1,0,0.7140225560090969,0.2859774439909031,v3
56.7119,570,1,0,0.7127698848582038,0.2872301151417962,v3
56.8633,569,1,0,0.7115172137073107,0.2884827862926893,v3
57.0404,568,1,0,0.7102645425564175,0.28973545744358253,v3
57.8327,567,1,0,0.7090118714055244,0.29098812859447565,v3
58.3842,566,1,0,0.7077592002546312,0.29224079974536876,v3
58.3862,565,0,1,0.7077592002546312,0.29224079974536876,v3
58.3898,564,1,0,0.7065043080555983,0.2934956919444017,v3
58.6024,563,1,0,0.7052494158565653,0.2947505841434347,v3
59.1207,562,1,0,0.7039945236575322,0.29600547634246777,v3
59.2453,561,1,0,0.7027396314584992,0.29726036854150084,v3
59.7389,560,1,0,0.7014847392594661,0.2985152607405339,v3
59.8241,559,1,0,0.700229847060433,0.299770152939567,v3
59.875,558,0,1,0.700229847060433,0.299770152939567,v3
59.9142,557,1,0,0.6989727019131073,0.30102729808689266,v3
60.2706,556,1,0,0.6977155567657816,0.30228444323421844,v3
60.2926,555,1,0,0.6964584116184559,0.3035415883815441,v3
60.9767,554,1,0,0.6952012664711301,0.3047987335288699,v3
61.1904,553,0,1,0.6952012664711301,0.3047987335288699,v3
61.4482,552,0,1,0.6952012664711301,0.3047987335288699,v3
61.5743,551,1,0,0.6939395581835237,0.3060604418164763,v3
61.9815,550,1,0,0.6926778498959173,0.3073221501040827,v3
62.1242,549,1,0,0.6914161416083109,0.3085838583916891,v3
62.1333,548,0,1,0.6914161416083109,0.3085838583916891,v3
62.2431,547,0,1,0.6914161416083109,0.3085838583916891,v3
62.2857,546,1,0,0.6901498116786253,0.3098501883213747,v3
62.4042,545,0,1,0.6901498116786253,0.3098501883213747,v3
62.6875,544,1,0,0.688881153936569,0.311118846063431,v3
62.7198,543,1,0,0.6876124961945127,0.3123875038054873,v3
63.0406,542,1,0,0.6863438384524564,0.3136561615475436,v3
63.4706,541,1,0,0.6850751807104001,0.3149248192895999,v3
63.6234,540,1,0,0.6838065229683438,0.31619347703165623,v3
63.7193,539,1,0,0.6825378652262875,0.31746213477371255,v3
64.1199,538,1,0,0.6812692074842311,0.31873079251576886,v3
64.3789,537,1,0,0.6800005497421748,0.31999945025782517,v3
64.62,536,1,0,0.6787318920001185,0.3212681079998815,v3
64.9196,535,1,0,0.6774632342580622,0.3225367657419378,v3
65.3422,534,1,0,0.6761945765160059,0.3238054234839941,v3
65.977,533,1,0,0.6749259187739496,0.3250740812260504,v3
66.3117,532,0,1,0.6749259187739496,0.3250740812260504,v3
67.394,531,0,1,0.6749259187739496,0.3250740812260504,v3
67.5455,530,1,0,0.6736524736441875,0.32634752635581254,v3
68.393,529,0,1,0.6736524736441875,0.32634752635581254,v3
68.4062,528,0,1,0.6736524736441875,0.32634752635581254,v3
68.4359,527,1,0,0.6723741957055837,0.32762580429441635,v3
68.4593,526,1,0,0.6710959177669799,0.32890408223302015,v3
68.9051,525,1,0,0.6698176398283762,0.33018236017162383,v3
69.1637,524,1,0,0.6685393618897724,0.33146063811022763,v3
69.1973,523,0,1,0.6685393618897724,0.33146063811022763,v3
69.875,522,0,1,0.6685393618897724,0.33146063811022763,v3
69.8976,521,1,0,0.6672561769341298,0.33274382306587025,v3
70.0028,520,1,0,0.6659729919784872,0.33402700802151275,v3
70.2409,519,1,0,0.6646898070228446,0.33531019297715536,v3
70.6456,518,1,0,0.6634066220672021,0.33659337793279787,v3
70.6655,517,1,0,0.6621234371115595,0.3378765628884405,v3
70.6864,516,1,0,0.6608402521559169,0.3391597478440831,v3
70.8003,515,1,0,0.6595570672002744,0.3404429327997256,v3
70.8522,514,1,0,0.6582738822446319,0.3417261177553681,v3
70.928,513,1,0,0.6569906972889893,0.3430093027110107,v3
70.9675,512,1,0,0.6557075123333468,0.3442924876666532,v3
71.8077,511,1,0,0.6544243273777043,0.3455756726222957,v3
71.8955,510,1,0,0.6531411424220618,0.3468588575779382,v3
71.9657,509,1,0,0.6518579574664193,0.3481420425335807,v3
72.1386,508,1,0,0.6505747725107768,0.3494252274892232,v3
72.4999,507,1,0,0.6492915875551342,0.35070841244486584,v3
72.9552,506,1,0,0.6480084025994917,0.35199159740050834,v3
73.0593,505,0,1,0.6480084025994917,0.35199159740050834,v3
73.0831,504,0,1,0.6480084025994917,0.35199159740050834,v3
73.3684,503,1,0,0.6467201155167889,0.3532798844832111,v3
73.4776,502,0,1,0.6467201155167889,0.3532798844832111,v3
73.5544,501,1,0,0.6454292570027833,0.3545707429972167,v3
74.4318,500,1,0,0.6441383984887777,0.35586160151122226,v3
74.6056,499,1,0,0.6428475399747722,0.3571524600252278,v3
75.1012,498,1,0,0.6415566814607666,0.3584433185392334,v3
75.1036,497,0,1,0.6415566814607666,0.3584433185392334,v3
75.2851,496,0,1,0.6415566814607666,0.3584433185392334,v3
75.8372,495,1,0,0.6402606073568055,0.35973939264319454,v3
76.0557,494,1,0,0.6389645332528443,0.3610354667471557,v3
76.7495,493,1,0,0.6376684591488831,0.36233154085111685,v3
76.7944,492,1,0,0.636372385044922,0.363627614955078,v3
76.9061,491,1,0,0.6350763109409608,0.36492368905903916,v3
77.7928,490,1,0,0.6337802368369997,0.3662197631630003,v3
78.0058,489,1,0,0.6324841627330385,0.36751583726696146,v3
78.1004,488,1,0,0.6311880886290774,0.3688119113709226,v3
78.8681,487,1,0,0.6298920145251162,0.37010798547488377,v3
79.0192,486,1,0,0.6285959404211551,0.3714040595788449,v3
79.0267,485,1,0,0.6272998663171939,0.3727001336828061,v3
79.5041,484,0,1,0.6272998663171939,0.3727001336828061,v3
79.875,483,0,1,0.6272998663171939,0.3727001336828061,v3
80.0861,482,0,1,0.6272998663171939,0.3727001336828061,v3
80.3287,481,1,0,0.6259957085909628,0.37400429140903724,v3
80.4676,480,0,1,0.6259957085909628,0.37400429140903724,v3
80.8316,479,1,0,0.6246888281972447,0.3753111718027553,v3
80.936,478,1,0,0.6233819478035266,0.3766180521964734,v3
80.9833,477,1,0,0.6220750674098086,0.37792493259019144,v3
81.4481,476,0,1,0.6220750674098086,0.37792493259019144,v3
81.6301,475,1,0,0.6207654356889458,0.3792345643110542,v3
81.8931,474,1,0,0.6194558039680831,0.3805441960319169,v3
82.0044,473,1,0,0.6181461722472203,0.38185382775277965,v3
82.1198,472,0,1,0.6181461722472203,0.38185382775277965,v3
82.3458,471,1,0,0.6168337599919184,0.38316624000808164,v3
82.4788,470,0,1,0.6168337599919184,0.38316624000808164,v3
83.121,469,0,1,0.6168337599919184,0.38316624000808164,v3
83.1575,468,1,0,0.6155157391372348,0.3844842608627652,v3
83.2563,467,0,1,0.6155157391372348,0.3844842608627652,v3
83.388,466,0,1,0.6155157391372348,0.3844842608627652,v3
83.4168,465,0,1,0.6155157391372348,0.3844842608627652,v3
83.4475,464,0,1,0.6155157391372348,0.3844842608627652,v3
84.2698,463,1,0,0.6141863314933098,0.3858136685066902,v3
84.3602,462,1,0,0.612856923849385,0.38714307615061505,v3
86.1413,461,1,0,0.6115275162054601,0.3884724837945399,v3
86.1877,460,0,1,0.6115275162054601,0.3884724837945399,v3
86.3761,459,1,0,0.6101952122485854,0.3898047877514146,v3
86.3882,458,0,1,0.6101952122485854,0.3898047877514146,v3
86.875,457,0,1,0.6101952122485854,0.3898047877514146,v3
86.9141,456,1,0,0.6088570648533035,0.3911429351466965,v3
87.0087,455,1,0,0.6075189174580216,0.39248108254197844,v3
87.3291,454,1,0,0.6061807700627395,0.3938192299372605,v3
87.8542,453,1,0,0.6048426226674575,0.3951573773325425,v3
88.2017,452,0,1,0.6048426226674575,0.3951573773325425,v3
88.2497,451,1,0,0.6035015082047802,0.3964984917952198,v3
88.3124,450,1,0,0.602160393742103,0.39783960625789705,v3
88.4161,449,1,0,0.6008192792794257,0.3991807207205743,v3
88.8714,448,1,0,0.5994781648167483,0.4005218351832517,v3
89.3833,447,0,1,0.5994781648167483,0.4005218351832517,v3
89.4188,446,0,1,0.5994781648167483,0.4005218351832517,v3
90.0797,445,1,0,0.5981310228733399,0.40186897712666014,v3
90.3019,444,1,0,0.5967838809299314,0.4032161190700686,v3
90.6266,443,1,0,0.595436738986523,0.40456326101347695,v3
90.7033,442,1,0,0.5940895970431146,0.4059104029568854,v3
91.7673,441,1,0,0.5927424550997061,0.40725754490029387,v3
92.393,440,1,0,0.5913953131562977,0.4086046868437023,v3
92.5125,439,1,0,0.5900481712128892,0.4099518287871108,v3
93.029,438,1,0,0.5887010292694808,0.41129897073051924,v3
93.3009,437,0,1,0.5887010292694808,0.41129897073051924,v3
93.4576,436,0,1,0.5887010292694808,0.41129897073051924,v3
95.115,435,0,1,0.5887010292694808,0.41129897073051924,v3
95.3177,434,0,1,0.5887010292694808,0.41129897073051924,v3
96.0173,433,1,0,0.587341442596803,0.412658557403197,v3
96.1754,432,0,1,0.587341442596803,0.412658557403197,v3
97.7278,431,1,0,0.5859787014306851,0.4140212985693149,v3
97.9006,430,1,0,0.5846159602645672,0.4153840397354328,v3
97.9798,429,1,0,0.5832532190984493,0.4167467809015507,v3
98.0455,428,1,0,0.5818904779323314,0.4181095220676686,v3
98.3384,427,1,0,0.5805277367662135,0.4194722632337865,v3
99.1675,426,1,0,0.5791649956000956,0.4208350043999044,v3
99.2302,425,1,0,0.5778022544339777,0.4221977455660223,v3
100.2632,424,0,1,0.5778022544339777,0.4221977455660223,v3
101.0003,423,1,0,0.5764362916575381,0.42356370834246193,v3
101.2693,422,0,1,0.5764362916575381,0.42356370834246193,v3
102.151,421,0,1,0.5764362916575381,0.42356370834246193,v3
102.8784,420,1,0,0.5750638242964486,0.42493617570355136,v3
103.0632,419,0,1,0.5750638242964486,0.42493617570355136,v3
103.1656,418,0,1,0.5750638242964486,0.42493617570355136,v3
103.438,417,0,1,0.5750638242964486,0.42493617570355136,v3
103.9511,416,1,0,0.5736814593341976,0.42631854066580244,v3
104.0195,415,1,0,0.5722990943719465,0.4277009056280535,v3
104.1455,414,0,1,0.5722990943719465,0.4277009056280535,v3
104.4153,413,0,1,0.5722990943719465,0.4277009056280535,v3
104.7657,412,1,0,0.5709100189001699,0.4290899810998301,v3
105.4934,411,1,0,0.5695209434283933,0.4304790565716067,v3
105.8401,410,1,0,0.5681318679566167,0.43186813204338326,v3
106.5808,409,1,0,0.5667427924848402,0.43325720751515984,v3
107.3243,408,1,0,0.5653537170130636,0.4346462829869364,v3
108.3225,407,0,1,0.5653537170130636,0.4346462829869364,v3
108.9198,406,1,0,0.5639612201731299,0.4360387798268701,v3
109.9954,405,1,0,0.5625687233331963,0.4374312766668037,v3
110.9067,404,1,0,0.5611762264932626,0.4388237735067374,v3
111.4797,403,1,0,0.5597837296533289,0.4402162703466711,v3
112.3205,402,1,0,0.5583912328133952,0.4416087671866048,v3
114.0704,401,1,0,0.5569987359734616,0.4430012640265384,v3
114.1018,400,1,0,0.555606239133528,0.444393760866472,v3
114.1456,399,0,1,0.555606239133528,0.444393760866472,v3
115.8345,398,1,0,0.5542102435578157,0.4457897564421843,v3
116.2165,397,0,1,0.5542102435578157,0.4457897564421843,v3
116.754,396,1,0,0.5528107227407505,0.4471892772592495,v3
116.8831,395,1,0,0.5514112019236853,0.4485887980763147,v3
117.1579,394,0,1,0.5514112019236853,0.4485887980763147,v3
117.2381,393,1,0,0.5500081199849483,0.44999188001505175,v3
117.2899,392,0,1,0.5500081199849483,0.44999188001505175,v3
118.0572,391,1,0,0.548601449601355,0.45139855039864496,v3
118.6749,390,1,0,0.5471947792177618,0.45280522078223817,v3
119.3653,389,1,0,0.5457881088341686,0.4542118911658314,v3
121.0843,388,0,1,0.5457881088341686,0.4542118911658314,v3
121.1563,387,0,1,0.5457881088341686,0.4542118911658314,v3
121.1762,386,0,1,0.5457881088341686,0.4542118911658314,v3
121.2647,385,0,1,0.5457881088341686,0.4542118911658314,v3
122.115,384,0,1,0.5457881088341686,0.4542118911658314,v3
122.169,383,0,1,0.5457881088341686,0.4542118911658314,v3
123.3758,382,0,1,0.5457881088341686,0.4542118911658314,v3
123.8076,381,1,0,0.5443555941128191,0.4556444058871809,v3
124.3353,380,0,1,0.5443555941128191,0.4556444058871809,v3
124.5175,379,0,1,0.5443555941128191,0.4556444058871809,v3
125.3798,378,0,1,0.5443555941128191,0.4556444058871809,v3
125.4618,377,0,1,0.5443555941128191,0.4556444058871809,v3
125.875,376,0,1,0.5443555941128191,0.4556444058871809,v3
127.6074,375,1,0,0.5429039791951848,0.45709602080481515,v3
128.2845,374,0,1,0.5429039791951848,0.45709602080481515,v3
129.5862,373,1,0,0.541448472548549,0.458551527451451,v3
129.7844,372,1,0,0.5399929659019131,0.46000703409808685,v3
130.3698,371,0,1,0.5399929659019131,0.46000703409808685,v3
131.4814,370,0,1,0.5399929659019131,0.46000703409808685,v3
132.1969,369,1,0,0.5385295703303632,0.4614704296696368,v3
132.2775,368,0,1,0.5385295703303632,0.4614704296696368,v3
132.4304,367,0,1,0.5385295703303632,0.4614704296696368,v3
132.6491,366,1,0,0.537058178061701,0.462941821938299,v3
133.7524,365,1,0,0.5355867857930388,0.46441321420696124,v3
134.9193,364,1,0,0.5341153935243765,0.46588460647562346,v3
135.2303,363,0,1,0.5341153935243765,0.46588460647562346,v3
135.254,362,0,1,0.5341153935243765,0.46588460647562346,v3
135.8869,361,1,0,0.5326358494979933,0.46736415050200675,v3
136.4765,360,0,1,0.5326358494979933,0.46736415050200675,v3
138.1936,359,1,0,0.5311521841790574,0.4688478158209426,v3
138.2823,358,0,1,0.5311521841790574,0.4688478158209426,v3
138.4644,357,0,1,0.5311521841790574,0.4688478158209426,v3
139.1849,356,0,1,0.5311521841790574,0.4688478158209426,v3
144.2284,355,0,1,0.5311521841790574,0.4688478158209426,v3
144.4118,354,1,0,0.5296517542802465,0.47034824571975353,v3
145.1216,353,0,1,0.5296517542802465,0.47034824571975353,v3
145.4749,352,0,1,0.5296517542802465,0.47034824571975353,v3
146.4225,351,0,1,0.5296517542802465,0.47034824571975353,v3
146.4677,350,0,1,0.5296517542802465,0.47034824571975353,v3
149.1741,349,0,1,0.5296517542802465,0.47034824571975353,v3
149.4133,348,0,1,0.5296517542802465,0.47034824571975353,v3
150.2143,347,0,1,0.5296517542802465,0.47034824571975353,v3
150.3956,346,0,1,0.5296517542802465,0.47034824571975353,v3
151.3072,345,0,1,0.5296517542802465,0.47034824571975353,v3
152.1705,344,0,1,0.5296517542802465,0.47034824571975353,v3
152.2087,343,0,1,0.5296517542802465,0.47034824571975353,v3
153.1237,342,0,1,0.5296517542802465,0.47034824571975353,v3
153.1918,341,0,1,0.5296517542802465,0.47034824571975353,v3
153.3964,340,0,1,0.5296517542802465,0.47034824571975353,v3
153.4749,339,0,1,0.5296517542802465,0.47034824571975353,v3
153.4971,338,0,1,0.5296517542802465,0.47034824571975353,v3
156.4891,337,0,1,0.5296517542802465,0.47034824571975353,v3
157.4169,336,0,1,0.5296517542802465,0.47034824571975353,v3
158.0539,335,1,0,0.5280707042674696,0.4719292957325304,v3
158.1559,334,0,1,0.5280707042674696,0.4719292957325304,v3
158.2566,333,0,1,0.5280707042674696,0.4719292957325304,v3
158.4211,332,0,1,0.5280707042674696,0.4719292957325304,v3
159.0921,331,0,1,0.5280707042674696,0.4719292957325304,v3
160.2126,330,0,1,0.5280707042674696,0.4719292957325304,v3
160.42,329,0,1,0.5280707042674696,0.4719292957325304,v3
160.4668,328,0,1,0.5280707042674696,0.4719292957325304,v3
161.0,327,0,1,0.5280707042674696,0.4719292957325304,v3
163.8944,326,0,1,0.5280707042674696,0.4719292957325304,v3
163.9524,325,1,0,0.526445871331262,0.47355412866873803,v3
164.0942,324,0,1,0.526445871331262,0.47355412866873803,v3
165.3228,323,0,1,0.526445871331262,0.47355412866873803,v3
165.3862,322,0,1,0.526445871331262,0.47355412866873803,v3
165.4346,321,0,1,0.526445871331262,0.47355412866873803,v3
166.1525,320,0,1,0.526445871331262,0.47355412866873803,v3
166.2128,319,0,1,0.526445871331262,0.47355412866873803,v3
166.7992,318,1,0,0.5247903811698429,0.4752096188301571,v3
170.0575,317,0,1,0.5247903811698429,0.4752096188301571,v3
170.2468,316,0,1,0.5247903811698429,0.4752096188301571,v3
170.3077,315,0,1,0.5247903811698429,0.4752096188301571,v3
170.3748,314,0,1,0.5247903811698429,0.4752096188301571,v3
171.3004,313,0,1,0.5247903811698429,0.4752096188301571,v3
172.0923,312,0,1,0.5247903811698429,0.4752096188301571,v3
172.1243,311,0,1,0.5247903811698429,0.4752096188301571,v3
172.4186,310,0,1,0.5247903811698429,0.4752096188301571,v3
173.4621,309,0,1,0.5247903811698429,0.4752096188301571,v3
173.469,308,0,1,0.5247903811698429,0.4752096188301571,v3
174.1544,307,0,1,0.5247903811698429,0.4752096188301571,v3
174.2713,306,0,1,0.5247903811698429,0.4752096188301571,v3
174.4119,305,0,1,0.5247903811698429,0.4752096188301571,v3
177.1474,304,0,1,0.5247903811698429,0.4752096188301571,v3
177.1856,303,0,1,0.5247903811698429,0.4752096188301571,v3
177.2794,302,0,1,0.5247903811698429,0.4752096188301571,v3
177.4547,301,0,1,0.5247903811698429,0.4752096188301571,v3
177.4732,300,0,1,0.5247903811698429,0.4752096188301571,v3
178.0919,299,0,1,0.5247903811698429,0.4752096188301571,v3
178.875,298,0,1,0.5247903811698429,0.4752096188301571,v3
179.1491,297,0,1,0.5247903811698429,0.4752096188301571,v3
179.258,296,0,1,0.5247903811698429,0.4752096188301571,v3
180.1131,295,0,1,0.5247903811698429,0.4752096188301571,v3
180.1509,294,0,1,0.5247903811698429,0.4752096188301571,v3
180.152,293,0,1,0.5247903811698429,0.4752096188301571,v3
180.2058,292,0,1,0.5247903811698429,0.4752096188301571,v3
180.2776,291,0,1,0.5247903811698429,0.4752096188301571,v3
180.4375,290,0,1,0.5247903811698429,0.4752096188301571,v3
181.1682,289,0,1,0.5247903811698429,0.4752096188301571,v3
181.1903,288,0,1,0.5247903811698429,0.4752096188301571,v3
181.1965,287,0,1,0.5247903811698429,0.4752096188301571,v3
181.2241,286,0,1,0.5247903811698429,0.4752096188301571,v3
181.3995,285,0,1,0.5247903811698429,0.4752096188301571,v3
181.4328,284,0,1,0.5247903811698429,0.4752096188301571,v3
184.1935,283,0,1,0.5247903811698429,0.4752096188301571,v3
184.2748,282,0,1,0.5247903811698429,0.4752096188301571,v3
184.3221,281,0,1,0.5247903811698429,0.4752096188301571,v3
184.875,280,0,1,0.5247903811698429,0.4752096188301571,v3
185.1596,279,0,1,0.5247903811698429,0.4752096188301571,v3
185.1898,278,0,1,0.5247903811698429,0.4752096188301571,v3
185.2423,277,0,1,0.5247903811698429,0.4752096188301571,v3
186.2972,276,0,1,0.5247903811698429,0.4752096188301571,v3
186.8964,275,1,0,0.5228820525110435,0.47711794748895653,v3
187.1542,274,0,1,0.5228820525110435,0.47711794748895653,v3
187.1568,273,0,1,0.5228820525110435,0.47711794748895653,v3
187.2625,272,0,1,0.5228820525110435,0.47711794748895653,v3
188.2343,271,0,1,0.5228820525110435,0.47711794748895653,v3
188.871,270,1,0,0.5209454523165582,0.4790545476834418,v3
191.875,269,0,2,0.5209454523165582,0.4790545476834418,v3
193.2713,267,0,1,0.5209454523165582,0.4790545476834418,v3
193.2758,266,0,1,0.5209454523165582,0.4790545476834418,v3
193.431,265,0,1,0.5209454523165582,0.4790545476834418,v3
193.4364,264,0,1,0.5209454523165582,0.4790545476834418,v3
195.0916,263,0,1,0.5209454523165582,0.4790545476834418,v3
195.1045,262,0,1,0.5209454523165582,0.4790545476834418,v3
195.1086,261,0,1,0.5209454523165582,0.4790545476834418,v3
195.126,260,0,1,0.5209454523165582,0.4790545476834418,v3
195.1266,259,0,1,0.5209454523165582,0.4790545476834418,v3
195.1339,258,0,1,0.5209454523165582,0.4790545476834418,v3
195.1499,257,0,1,0.5209454523165582,0.4790545476834418,v3
195.1885,256,0,1,0.5209454523165582,0.4790545476834418,v3
195.229,255,0,1,0.5209454523165582,0.4790545476834418,v3
195.3977,254,0,1,0.5209454523165582,0.4790545476834418,v3
195.4374,253,0,1,0.5209454523165582,0.4790545476834418,v3
195.4537,252,0,1,0.5209454523165582,0.4790545476834418,v3
195.875,251,0,1,0.5209454523165582,0.4790545476834418,v3
197.875,250,0,1,0.5209454523165582,0.4790545476834418,v3
198.1597,249,0,1,0.5209454523165582,0.4790545476834418,v3
198.3167,248,0,1,0.5209454523165582,0.4790545476834418,v3
198.3211,247,0,1,0.5209454523165582,0.4790545476834418,v3
198.4088,246,0,1,0.5209454523165582,0.4790545476834418,v3
198.4116,245,0,1,0.5209454523165582,0.4790545476834418,v3
198.4138,244,0,1,0.5209454523165582,0.4790545476834418,v3
198.4156,243,0,1,0.5209454523165582,0.4790545476834418,v3
198.4393,242,0,1,0.5209454523165582,0.4790545476834418,v3
198.875,241,0,2,0.5209454523165582,0.4790545476834418,v3
199.4306,239,0,1,0.5209454523165582,0.4790545476834418,v3
200.1784,238,0,1,0.5209454523165582,0.4790545476834418,v3
200.195,237,0,1,0.5209454523165582,0.4790545476834418,v3
200.3178,236,0,1,0.5209454523165582,0.4790545476834418,v3
201.1367,235,0,1,0.5209454523165582,0.4790545476834418,v3
201.2881,234,0,1,0.5209454523165582,0.4790545476834418,v3
201.4031,233,0,1,0.5209454523165582,0.4790545476834418,v3
201.4133,232,0,1,0.5209454523165582,0.4790545476834418,v3
201.875,231,0,2,0.5209454523165582,0.4790545476834418,v3
202.3216,229,0,1,0.5209454523165582,0.4790545476834418,v3
202.3947,228,0,1,0.5209454523165582,0.4790545476834418,v3
202.4417,227,0,1,0.5209454523165582,0.4790545476834418,v3
205.1497,226,0,1,0.5209454523165582,0.4790545476834418,v3
205.1588,225,0,1,0.5209454523165582,0.4790545476834418,v3
205.2547,224,0,1,0.5209454523165582,0.4790545476834418,v3
205.4872,223,0,1,0.5209454523165582,0.4790545476834418,v3
206.0829,222,0,1,0.5209454523165582,0.4790545476834418,v3
206.2427,221,0,1,0.5209454523165582,0.4790545476834418,v3
207.1535,220,0,1,0.5209454523165582,0.4790545476834418,v3
207.1899,219,0,1,0.5209454523165582,0.4790545476834418,v3
207.2042,218,0,1,0.5209454523165582,0.4790545476834418,v3
207.2074,217,0,1,0.5209454523165582,0.4790545476834418,v3
207.2485,216,0,1,0.5209454523165582,0.4790545476834418,v3
207.3078,215,0,1,0.5209454523165582,0.4790545476834418,v3
207.4687,214,0,1,0.5209454523165582,0.4790545476834418,v3
208.2411,213,0,1,0.5209454523165582,0.4790545476834418,v3
208.3808,212,0,1,0.5209454523165582,0.4790545476834418,v3
208.448,211,0,1,0.5209454523165582,0.4790545476834418,v3
209.2372,210,0,1,0.5209454523165582,0.4790545476834418,v3
209.293,209,0,1,0.5209454523165582,0.4790545476834418,v3
209.3822,208,0,1,0.5209454523165582,0.4790545476834418,v3
209.452,207,0,1,0.5209454523165582,0.4790545476834418,v3
212.088,206,0,1,0.5209454523165582,0.4790545476834418,v3
212.1311,205,0,1,0.5209454523165582,0.4790545476834418,v3
212.14,204,0,1,0.5209454523165582,0.4790545476834418,v3
212.2413,203,0,1,0.5209454523165582,0.4790545476834418,v3
212.2892,202,0,1,0.5209454523165582,0.4790545476834418,v3
212.3957,201,0,1,0.5209454523165582,0.4790545476834418,v3
212.4649,200,0,1,0.5209454523165582,0.4790545476834418,v3
212.5022,199,0,1,0.5209454523165582,0.4790545476834418,v3
212.875,198,0,2,0.5209454523165582,0.4790545476834418,v3
213.1021,196,0,1,0.5209454523165582,0.4790545476834418,v3
213.4147,195,0,1,0.5209454523165582,0.4790545476834418,v3
213.4751,194,0,1,0.5209454523165582,0.4790545476834418,v3
213.875,193,0,1,0.5209454523165582,0.4790545476834418,v3
214.0686,192,0,1,0.5209454523165582,0.4790545476834418,v3
214.1529,191,0,1,0.5209454523165582,0.4790545476834418,v3
214.2083,190,0,1,0.5209454523165582,0.4790545476834418,v3
214.364,189,0,1,0.5209454523165582,0.4790545476834418,v3
214.4827,188,0,1,0.5209454523165582,0.4790545476834418,v3
215.2024,187,0,1,0.5209454523165582,0.4790545476834418,v3
215.2344,186,0,1,0.5209454523165582,0.4790545476834418,v3
215.3867,185,0,1,0.5209454523165582,0.4790545476834418,v3
215.4788,184,0,1,0.5209454523165582,0.4790545476834418,v3
219.0947,183,0,1,0.5209454523165582,0.4790545476834418,v3
219.1388,182,0,1,0.5209454523165582,0.4790545476834418,v3
219.2636,181,0,1,0.5209454523165582,0.4790545476834418,v3
219.294,180,0,1,0.5209454523165582,0.4790545476834418,v3
219.2966,179,0,1,0.5209454523165582,0.4790545476834418,v3
219.3031,178,0,1,0.5209454523165582,0.4790545476834418,v3
219.3142,177,0,1,0.5209454523165582,0.4790545476834418,v3
219.406,176,0,1,0.5209454523165582,0.4790545476834418,v3
219.4909,175,0,1,0.5209454523165582,0.4790545476834418,v3
220.3672,174,0,1,0.5209454523165582,0.4790545476834418,v3
220.4458,173,0,1,0.5209454523165582,0.4790545476834418,v3
220.8063,172,1,0,0.5179166996868108,0.48208330031318924,v3
221.1283,171,0,1,0.5179166996868108,0.48208330031318924,v3
221.1435,170,0,1,0.5179166996868108,0.48208330031318924,v3
221.2202,169,0,1,0.5179166996868108,0.48208330031318924,v3
221.4235,168,0,1,0.5179166996868108,0.48208330031318924,v3
222.1334,167,0,1,0.5179166996868108,0.48208330031318924,v3
222.1394,166,0,1,0.5179166996868108,0.48208330031318924,v3
222.211,165,0,1,0.5179166996868108,0.48208330031318924,v3
222.2296,164,0,1,0.5179166996868108,0.48208330031318924,v3
222.2778,163,0,1,0.5179166996868108,0.48208330031318924,v3
222.4853,162,0,1,0.5179166996868108,0.48208330031318924,v3
223.4024,161,0,1,0.5179166996868108,0.48208330031318924,v3
223.456,160,0,1,0.5179166996868108,0.48208330031318924,v3
227.1826,159,0,1,0.5179166996868108,0.48208330031318924,v3
227.241,158,0,1,0.5179166996868108,0.48208330031318924,v3
227.2578,157,0,1,0.5179166996868108,0.48208330031318924,v3
227.2604,156,0,1,0.5179166996868108,0.48208330031318924,v3
227.4238,155,0,1,0.5179166996868108,0.48208330031318924,v3
228.057,154,0,1,0.5179166996868108,0.48208330031318924,v3
228.2044,153,0,1,0.5179166996868108,0.48208330031318924,v3
228.2115,152,0,1,0.5179166996868108,0.48208330031318924,v3
228.3218,151,0,1,0.5179166996868108,0.48208330031318924,v3
229.1022,150,0,1,0.5179166996868108,0.48208330031318924,v3
229.1986,149,0,1,0.5179166996868108,0.48208330031318924,v3
229.2515,148,0,1,0.5179166996868108,0.48208330031318924,v3
229.4396,147,0,1,0.5179166996868108,0.48208330031318924,v3
229.875,146,0,1,0.5179166996868108,0.48208330031318924,v3
230.0856,145,0,1,0.5179166996868108,0.48208330031318924,v3
230.1289,144,0,1,0.5179166996868108,0.48208330031318924,v3
230.2886,143,0,1,0.5179166996868108,0.48208330031318924,v3
230.4139,142,0,1,0.5179166996868108,0.48208330031318924,v3
232.875,141,0,1,0.5179166996868108,0.48208330031318924,v3
233.1692,140,0,1,0.5179166996868108,0.48208330031318924,v3
233.2509,139,0,1,0.5179166996868108,0.48208330031318924,v3
234.1106,138,0,1,0.5179166996868108,0.48208330031318924,v3
234.4568,137,0,1,0.5179166996868108,0.48208330031318924,v3
235.3216,136,0,1,0.5179166996868108,0.48208330031318924,v3
235.4558,135,0,1,0.5179166996868108,0.48208330031318924,v3
236.2704,134,0,1,0.5179166996868108,0.48208330031318924,v3
236.4154,133,0,1,0.5179166996868108,0.48208330031318924,v3
237.1634,132,0,1,0.5179166996868108,0.48208330031318924,v3
237.236,131,0,1,0.5179166996868108,0.48208330031318924,v3
237.2666,130,0,1,0.5179166996868108,0.48208330031318924,v3
237.875,129,0,1,0.5179166996868108,0.48208330031318924,v3
240.1508,128,0,1,0.5179166996868108,0.48208330031318924,v3
240.172,127,0,1,0.5179166996868108,0.48208330031318924,v3
240.3188,126,0,1,0.5179166996868108,0.48208330031318924,v3
240.4011,125,0,1,0.5179166996868108,0.48208330031318924,v3
240.4045,124,0,1,0.5179166996868108,0.48208330031318924,v3
240.4184,123,0,1,0.5179166996868108,0.48208330031318924,v3
241.2011,122,0,1,0.5179166996868108,0.48208330031318924,v3
241.3661,121,0,1,0.5179166996868108,0.48208330031318924,v3
241.4696,120,0,1,0.5179166996868108,0.48208330031318924,v3
242.2698,119,0,1,0.5179166996868108,0.48208330031318924,v3
242.2785,118,0,1,0.5179166996868108,0.48208330031318924,v3
242.4831,117,0,1,0.5179166996868108,0.48208330031318924,v3
242.4896,116,0,1,0.5179166996868108,0.48208330031318924,v3
242.875,115,0,1,0.5179166996868108,0.48208330031318924,v3
243.1578,114,0,1,0.5179166996868108,0.48208330031318924,v3
244.2186,113,0,1,0.5179166996868108,0.48208330031318924,v3
244.3051,112,0,1,0.5179166996868108,0.48208330031318924,v3
244.4436,111,0,1,0.5179166996868108,0.48208330031318924,v3
244.4485,110,0,1,0.5179166996868108,0.48208330031318924,v3
244.4578,109,0,1,0.5179166996868108,0.48208330031318924,v3
247.1626,108,0,1,0.5179166996868108,0.48208330031318924,v3
247.2503,107,0,1,0.5179166996868108,0.48208330031318924,v3
247.2745,106,0,1,0.5179166996868108,0.48208330031318924,v3
247.4265,105,0,1,0.5179166996868108,0.48208330031318924,v3
248.3738,104,0,1,0.5179166996868108,0.48208330031318924,v3
249.192,103,0,1,0.5179166996868108,0.48208330031318924,v3
249.1962,102,0,1,0.5179166996868108,0.48208330031318924,v3
249.2052,101,0,1,0.5179166996868108,0.48208330031318924,v3
249.3763,100,0,1,0.5179166996868108,0.48208330031318924,v3
249.3994,99,0,1,0.5179166996868108,0.48208330031318924,v3
249.4189,98,0,1,0.5179166996868108,0.48208330031318924,v3
249.875,97,0,1,0.5179166996868108,0.48208330031318924,v3
250.2159,96,0,1,0.5179166996868108,0.48208330031318924,v3
250.2402,95,0,1,0.5179166996868108,0.48208330031318924,v3
250.3386,94,0,1,0.5179166996868108,0.48208330031318924,v3
250.4381,93,0,1,0.5179166996868108,0.48208330031318924,v3
251.2199,92,0,1,0.5179166996868108,0.48208330031318924,v3
251.4636,91,0,1,0.5179166996868108,0.48208330031318924,v3
254.3192,90,0,1,0.5179166996868108,0.48208330031318924,v3
254.4208,89,0,1,0.5179166996868108,0.48208330031318924,v3
254.4597,88,0,1,0.5179166996868108,0.48208330031318924,v3
255.1228,87,0,1,0.5179166996868108,0.48208330031318924,v3
256.1082,86,0,1,0.5179166996868108,0.48208330031318924,v3
256.179,85,0,1,0.5179166996868108,0.48208330031318924,v3
256.1977,84,0,1,0.5179166996868108,0.48208330031318924,v3
256.2346,83,0,1,0.5179166996868108,0.48208330031318924,v3
257.1638,82,0,1,0.5179166996868108,0.48208330031318924,v3
257.4207,81,0,1,0.5179166996868108,0.48208330031318924,v3
257.4839,80,0,1,0.5179166996868108,0.48208330031318924,v3
258.1256,79,0,1,0.5179166996868108,0.48208330031318924,v3
258.1442,78,0,1,0.5179166996868108,0.48208330031318924,v3
258.2277,77,0,1,0.5179166996868108,0.48208330031318924,v3
258.3251,76,0,1,0.5179166996868108,0.48208330031318924,v3
258.3265,75,0,1,0.5179166996868108,0.48208330031318924,v3
258.3844,74,0,1,0.5179166996868108,0.48208330031318924,v3
258.3861,73,0,1,0.5179166996868108,0.48208330031318924,v3
258.4682,72,0,1,0.5179166996868108,0.48208330031318924,v3
261.1473,71,0,1,0.5179166996868108,0.48208330031318924,v3
261.4972,70,0,1,0.5179166996868108,0.48208330031318924,v3
261.5138,69,0,1,0.5179166996868108,0.48208330031318924,v3
262.1075,68,0,1,0.5179166996868108,0.48208330031318924,v3
262.318,67,0,1,0.5179166996868108,0.48208330031318924,v3
262.4384,66,0,1,0.5179166996868108,0.48208330031318924,v3
262.4455,65,0,1,0.5179166996868108,0.48208330031318924,v3
262.4472,64,0,1,0.5179166996868108,0.48208330031318924,v3
262.472,63,0,1,0.5179166996868108,0.48208330031318924,v3
263.3786,62,0,1,0.5179166996868108,0.48208330031318924,v3
263.439,61,0,1,0.5179166996868108,0.48208330031318924,v3
263.4789,60,0,1,0.5179166996868108,0.48208330031318924,v3
264.1805,59,0,1,0.5179166996868108,0.48208330031318924,v3
264.4879,58,0,1,0.5179166996868108,0.48208330031318924,v3
265.1188,57,0,1,0.5179166996868108,0.48208330031318924,v3
268.1603,56,0,1,0.5179166996868108,0.48208330031318924,v3
268.2139,55,0,1,0.5179166996868108,0.48208330031318924,v3
268.4778,54,0,1,0.5179166996868108,0.48208330031318924,v3
269.2351,53,0,1,0.5179166996868108,0.48208330031318924,v3
269.3909,52,0,1,0.5179166996868108,0.48208330031318924,v3
269.5227,51,0,1,0.5179166996868108,0.48208330031318924,v3
270.2838,50,0,1,0.5179166996868108,0.48208330031318924,v3
270.5318,49,0,1,0.5179166996868108,0.48208330031318924,v3
275.3426,48,0,1,0.5179166996868108,0.48208330031318924,v3
275.3492,47,0,1,0.5179166996868108,0.48208330031318924,v3
275.4887,46,0,1,0.5179166996868108,0.48208330031318924,v3
276.4489,45,0,1,0.5179166996868108,0.48208330031318924,v3
277.1706,44,0,1,0.5179166996868108,0.48208330031318924,v3
277.2423,43,0,1,0.5179166996868108,0.48208330031318924,v3
277.4187,42,0,1,0.5179166996868108,0.48208330031318924,v3
278.1538,41,0,1,0.5179166996868108,0.48208330031318924,v3
278.3256,40,0,1,0.5179166996868108,0.48208330031318924,v3
279.2245,39,0,1,0.5179166996868108,0.48208330031318924,v3
279.3717,38,0,1,0.5179166996868108,0.48208330031318924,v3
279.4642,37,0,1,0.5179166996868108,0.48208330031318924,v3
282.3027,36,0,1,0.5179166996868108,0.48208330031318924,v3
283.4769,35,0,1,0.5179166996868108,0.48208330031318924,v3
284.1334,34,0,1,0.5179166996868108,0.48208330031318924,v3
284.3203,33,0,1,0.5179166996868108,0.48208330031318924,v3
284.4349,32,0,1,0.5179166996868108,0.48208330031318924,v3
285.3123,31,0,1,0.5179166996868108,0.48208330031318924,v3
286.1363,30,0,1,0.5179166996868108,0.48208330031318924,v3
286.3687,29,0,1,0.5179166996868108,0.48208330031318924,v3
286.5584,28,0,1,0.5179166996868108,0.48208330031318924,v3
286.9167,27,0,1,0.5179166996868108,0.48208330031318924,v3
289.1486,26,0,1,0.5179166996868108,0.48208330031318924,v3
289.2752,25,0,1,0.5179166996868108,0.48208330031318924,v3
290.3723,24,0,1,0.5179166996868108,0.48208330031318924,v3
291.5184,23,0,1,0.5179166996868108,0.48208330031318924,v3
292.2288,22,0,1,0.5179166996868108,0.48208330031318924,v3
292.5183,21,0,1,0.5179166996868108,0.48208330031318924,v3
293.2614,20,0,1,0.5179166996868108,0.48208330031318924,v3
293.443,19,0,1,0.5179166996868108,0.48208330031318924,v3
293.4455,18,0,1,0.5179166996868108,0.48208330031318924,v3
296.2756,17,0,1,0.5179166996868108,0.48208330031318924,v3
296.4499,16,0,1,0.5179166996868108,0.48208330031318924,v3
296.5232,15,0,1,0.5179166996868108,0.48208330031318924,v3
296.9167,14,0,2,0.5179166996868108,0.48208330031318924,v3
297.1647,12,0,1,0.5179166996868108,0.48208330031318924,v3
298.4229,11,0,1,0.5179166996868108,0.48208330031318924,v3
299.4467,10,0,1,0.5179166996868108,0.48208330031318924,v3
300.1727,9,0,1,0.5179166996868108,0.48208330031318924,v3
300.2461,8,0,1,0.5179166996868108,0.48208330031318924,v3
303.232,7,0,1,0.5179166996868108,0.48208330031318924,v3
303.3282,6,0,1,0.5179166996868108,0.48208330031318924,v3
303.424,5,0,1,0.5179166996868108,0.48208330031318924,v3
303.4837,4,0,1,0.5179166996868108,0.48208330031318924,v3
303.9167,3,0,1,0.5179166996868108,0.48208330031318924,v3
332.5207,2,0,1,0.5179166996868108,0.48208330031318924,v3
341.9167,1,0,1,0.5179166996868108,0.48208330031318924,v3
