purchase_month,product_category_name_english,gmv_proxy,orders,active_sellers,avg_review_score,gmv_share_month
2016-09,furniture_decor,72.89,1,1,1.0,0.27262866546977854
2016-09,health_beauty,134.97,1,1,1.0,0.5048249551166966
2016-09,telephony,59.5,1,1,1.0,0.22254637941352481
2016-10,air_conditioning,1707.0900000000001,5,2,3.8,0.034481330767804415
2016-10,audio,156.99,2,1,5.0,0.003171024443490159
2016-10,auto,1833.25,11,11,2.75,0.03702962329465784
2016-10,baby,1630.16,11,9,3.4285714285714284,0.03292742981591131
2016-10,bed_bath_table,478.99,5,4,3.375,0.009675068464152819
2016-10,books_general_interest,119.5,1,1,5.0,0.002413767889655863
2016-10,books_technical,267.0,1,1,1.0,0.00539310482458674
2016-10,computers_accessories,1399.32,18,9,2.761904761904762,0.028264717015508305
2016-10,consoles_games,3882.26,10,4,3.4,0.07841736006104914
2016-10,cool_stuff,1111.0,8,8,3.75,0.02244097176073359
2016-10,diapers_and_hygiene,134.9,1,1,5.0,0.002724830864557121
2016-10,electronics,1306.99,2,2,3.0,0.026399753088713947
2016-10,fashio_female_clothing,54.9,1,1,5.0,0.0011089193066285096
2016-10,fashion_bags_accessories,508.3,8,5,3.2222222222222223,0.010267098061188914
2016-10,fashion_male_clothing,24.9,1,1,1.0,0.0005029524724052802
2016-10,fashion_shoes,29.99,1,1,5.0,0.0006057648452784881
2016-10,fixed_telephony,704.88,5,5,4.0,0.014237796736908994
2016-10,food,79.9,1,1,5.0,0.0016138916684812006
2016-10,furniture_decor,5807.89,51,34,3.5757575757575757,0.11731295722722504
2016-10,garden_tools,1359.88,5,5,4.2,0.0274680726174495
2016-10,health_beauty,4552.51,44,14,3.391304347826087,0.09195566908231978
2016-10,housewares,1287.0700000000002,9,6,3.0833333333333335,0.025997391110789726
2016-10,industry_commerce_and_business,359.6,3,1,4.25,0.007263522452889109
2016-10,market_place,1306.19,7,7,4.538461538461538,0.02638359397313466
2016-10,office_furniture,1300.8799999999999,6,2,1.6,0.026276337843477146
2016-10,perfumery,5688.7,30,5,4.151515151515151,0.11490545099485613
2016-10,pet_shop,689.6800000000001,4,2,4.25,0.01393077354090256
2016-10,sports_leisure,3333.64,19,16,3.9473684210526314,0.0673358425746642
2016-10,telephony,500.08,9,5,3.8,0.010101063148611748
2016-10,toys,4465.09,25,11,3.72,0.0901898817273933
2016-10,unknown,65.89,2,2,5.0,0.0013309051568989524
2016-10,watches_gifts,3360.24,5,3,4.0,0.06787313316767546
2016-12,fashion_bags_accessories,10.9,1,1,5.0,1.0
2017-01,agro_industry_and_commerce,65.97,2,1,4.333333333333333,0.0005483203916588475
2017-01,air_conditioning,663.7,3,3,3.5,0.005516450567590982
2017-01,auto,5218.53,30,16,3.5294117647058822,0.04337466141402827
2017-01,baby,6397.87,32,18,4.625,0.05317693776235244
2017-01,bed_bath_table,3960.1600000000003,45,10,4.104166666666667,0.03291551435852208
2017-01,books_general_interest,234.89,2,1,5.0,0.00195232646349472
2017-01,computers,2199.99,1,1,4.0,0.01828557493475137
2017-01,computers_accessories,3924.1400000000003,24,12,4.32258064516129,0.03261612826624451
2017-01,consoles_games,5954.2,21,6,4.181818181818182,0.04948930234978186
2017-01,construction_tools_construction,310.0,1,1,1.0,0.002576615452694296
2017-01,cool_stuff,7784.87,32,21,3.725,0.06470521399747176
2017-01,dvds_blu_ray,29.8,1,1,5.0,0.0002476875499686775
2017-01,electronics,617.0,11,6,3.8181818181818183,0.005128295917136712
2017-01,fashio_female_clothing,77.3,2,1,4.0,0.0006424915306234486
2017-01,fashion_bags_accessories,1671.97,30,7,4.363636363636363,0.013896850769165428
2017-01,fashion_male_clothing,126.9,1,1,5.0,0.0010547500030545361
2017-01,fashion_shoes,34.9,1,1,5.0,0.000290077029996874
2017-01,fashion_underwear_beach,137.25,2,1,3.0,0.0011407757125235232
2017-01,fixed_telephony,677.12,19,4,4.3,0.005627993081704393
2017-01,food,42.82,2,1,5.0,0.00035590539898183797
2017-01,furniture_bedroom,73.2,8,1,5.0,0.000608413713345879
2017-01,furniture_decor,13521.31,137,45,3.782967032967033,0.11238456866667713
2017-01,furniture_living_room,1241.9,8,3,4.8,0.010322253970003376
2017-01,garden_tools,8152.75,40,19,3.8448275862068964,0.06776290849017233
2017-01,health_beauty,12561.32,82,26,4.048192771084337,0.10440545554270296
2017-01,home_appliances_2,2126.68,7,4,4.714285714285714,0.01767624693850292
2017-01,home_comfort_2,72.8,2,2,4.5,0.0006050890482456283
2017-01,housewares,2827.58,21,16,4.071428571428571,0.02350189136041722
2017-01,kitchen_dining_laundry_garden_furniture,110.0,1,1,5.0,0.0009142829025689438
2017-01,luggage_accessories,492.5,4,2,4.8,0.0040934939046836805
2017-01,market_place,447.03999999999996,6,4,3.6666666666666665,0.0037156457160401873
2017-01,music,19.8,2,1,5.0,0.0001645709224624099
2017-01,musical_instruments,339.74,1,1,4.0,0.0028238043028979364
2017-01,office_furniture,1444.35,7,2,2.8,0.012004950093867763
2017-01,perfumery,5112.599999999999,29,4,4.818181818181818,0.04249420697885438
2017-01,pet_shop,967.12,13,7,4.2,0.008038375279386153
2017-01,security_and_services,183.29,1,1,4.0,0.0015234446655623792
2017-01,small_appliances,1660.79,6,5,4.666666666666667,0.01380392637961342
2017-01,sports_leisure,9717.62,62,24,3.962025316455696,0.08076958017874564
2017-01,stationery,1561.99,7,4,4.785714285714286,0.012982734099851496
2017-01,telephony,2945.86,21,8,4.0,0.024484994830561355
2017-01,toys,4814.09,43,14,4.255813953488372,0.04001309253116479
2017-01,unknown,1702.64,11,10,3.6153846153846154,0.014151769465727151
2017-01,watches_gifts,8086.52,11,3,4.0,0.06721242706619833
2017-02,agro_industry_and_commerce,224.84,7,2,3.857142857142857,0.0009091680319957274
2017-02,air_conditioning,3095.3,12,4,2.727272727272727,0.012516224023467243
2017-02,audio,163.8,5,4,3.4,0.0006623453284153182
2017-02,auto,13162.4,77,35,4.247058823529412,0.05322377381400357
2017-02,baby,3048.48,33,15,4.151515151515151,0.012326901628617395
2017-02,bed_bath_table,16282.730000000001,146,19,4.195121951219512,0.06584120970297896
2017-02,books_general_interest,772.71,8,6,4.375,0.0031245473670317493
2017-02,books_imported,99.0,1,1,1.0,0.00040031860508618134
2017-02,books_technical,159.0,1,1,4.0,0.0006429359415020488
2017-02,cine_photo,59.0,1,1,5.0,0.0002385737141422697
2017-02,computers,3549.0,1,1,5.0,0.014350815448998562
2017-02,computers_accessories,11972.59,97,33,3.933333333333333,0.04841263159665418
2017-02,consoles_games,4294.7699999999995,18,7,4.111111111111111,0.017366427631979584
2017-02,construction_tools_construction,336.79,3,2,5.0,0.0013618515455250003
2017-02,construction_tools_safety,379.0,1,1,5.0,0.0015325328416935628
2017-02,cool_stuff,13323.6,69,26,4.3,0.05387560572450753
2017-02,costruction_tools_garden,579.98,1,1,5.0,0.0023452200462412472
2017-02,dvds_blu_ray,14.9,1,1,4.0,6.024997187660709e-05
2017-02,electronics,1218.85,14,10,4.2105263157894735,0.004928569008174667
2017-02,fashio_female_clothing,457.8,4,3,3.0,0.001851170276853069
2017-02,fashion_bags_accessories,2374.11,35,13,4.153846153846154,0.009600004075971252
2017-02,fashion_male_clothing,642.85,7,4,4.142857142857143,0.00259944257858234
2017-02,fashion_shoes,107.05,2,2,4.333333333333333,0.00043286976438864353
2017-02,fashion_underwear_beach,396.96999999999997,6,2,4.0,0.001605196733950115
2017-02,fixed_telephony,759.23,18,7,4.136363636363637,0.003070039338783651
2017-02,food,715.63,9,3,3.888888888888889,0.0028937374076547875
2017-02,furniture_bedroom,450.0,1,1,5.0,0.001819630023119006
2017-02,furniture_decor,20986.1,221,74,3.8333333333333335,0.0848598613959506
2017-02,furniture_living_room,3791.63,15,4,3.739130434782609,0.015331919521241594
2017-02,garden_tools,13144.61,63,35,3.986111111111111,0.05315183777375627
2017-02,health_beauty,22838.79,155,46,4.072727272727272,0.0923514399460225
2017-02,home_appliances,740.9,7,2,4.142857142857143,0.0029959197425086033
2017-02,home_appliances_2,15.99,1,1,5.0,6.465752015482869e-05
2017-02,home_confort,414.66,3,2,3.0,0.0016767284119700602
2017-02,home_construction,695.6,3,1,5.0,0.002812743653514624
2017-02,housewares,12659.67,68,33,3.740740740740741,0.05119092358839775
2017-02,industry_commerce_and_business,119.0,1,1,5.0,0.00048119105055813717
2017-02,kitchen_dining_laundry_garden_furniture,139.9,2,2,4.0,0.0005657027560763311
2017-02,luggage_accessories,1694.18,20,4,4.333333333333333,0.006850623983483906
2017-02,market_place,1688.22,19,14,3.909090909090909,0.006826523994733263
2017-02,musical_instruments,2221.28,8,6,4.444444444444445,0.008982017283897303
2017-02,office_furniture,11805.98,53,5,3.5873015873015874,0.04773892368965005
2017-02,perfumery,8127.179999999999,49,12,4.235294117647059,0.03286324606953849
2017-02,pet_shop,3729.07,37,16,4.325,0.015078950511805316
2017-02,small_appliances,7251.58,25,13,4.678571428571429,0.02932265040677627
2017-02,sports_leisure,16372.16,139,58,4.141025641025641,0.06620283084290682
2017-02,stationery,2341.4,19,10,4.526315789473684,0.009467737191401869
2017-02,tablets_printing_image,792.0,8,1,4.25,0.0032025488406894507
2017-02,telephony,6899.09,100,18,4.08256880733945,0.027897313991555785
2017-02,toys,9403.34,62,16,4.2835820895522385,0.03802355507021306
2017-02,unknown,9034.1,52,27,3.8620689655172415,0.03653048798190981
2017-02,watches_gifts,11756.21,35,7,4.0,0.047537672609093085
2017-03,agro_industry_and_commerce,81.99000000000001,2,2,2.0,0.00021902296896199571
2017-03,air_conditioning,4103.81,16,4,4.411764705882353,0.010962661913110473
2017-03,art,223.25,5,4,4.0,0.0005963761168528545
2017-03,audio,1134.77,13,5,3.857142857142857,0.0030313537564215618
2017-03,auto,14482.07,76,34,4.080459770114943,0.03868649796457432
2017-03,baby,3724.08,43,25,4.25,0.009948274890254774
2017-03,bed_bath_table,25773.02,249,25,3.9298245614035086,0.06884843712058658
2017-03,books_general_interest,2648.96,20,6,4.24,0.00707626642104608
2017-03,books_technical,75.0,2,2,5.0,0.00020035031921148525
2017-03,computers_accessories,28624.6,150,39,3.8554913294797686,0.0764659699640144
2017-03,consoles_games,10768.84,48,16,3.857142857142857,0.02876720708716548
2017-03,construction_tools_construction,773.4,4,3,1.75,0.002066012491708836
2017-03,construction_tools_safety,380.0,2,1,1.0,0.0010151082840048587
2017-03,cool_stuff,21095.21,121,41,4.414634146341464,0.05635242743111088
2017-03,drinks,463.87,4,3,3.6,0.0012391533676350888
2017-03,dvds_blu_ray,1873.7,4,3,3.2,0.005005285241420799
2017-03,electronics,3986.0,32,17,4.351351351351352,0.01064795163169307
2017-03,fashio_female_clothing,19.9,1,1,3.0,5.315961803078075e-05
2017-03,fashion_bags_accessories,4861.16,62,18,4.3283582089552235,0.01298579943650805
2017-03,fashion_male_clothing,580.8,7,4,4.0,0.0015515128719737418
2017-03,fashion_shoes,1515.0,13,3,4.571428571428571,0.004047076448072002
2017-03,fashion_sport,39.9,1,1,5.0,0.00010658636982051015
2017-03,fashion_underwear_beach,394.14,6,4,3.8333333333333335,0.0010528809975201973
2017-03,fixed_telephony,1592.35,15,10,3.142857142857143,0.004253704410618781
2017-03,food,2667.56,22,5,3.9583333333333335,0.007125953300210528
2017-03,food_drink,110.8,5,4,5.0,0.0002959842049151009
2017-03,furniture_decor,23477.63,265,74,3.9693251533742333,0.06271667553105524
2017-03,furniture_living_room,3324.0,17,5,4.173913043478261,0.008879526147453028
2017-03,garden_tools,23747.15,121,32,3.931972789115646,0.06343665443817363
2017-03,health_beauty,25995.25,193,50,4.276190476190476,0.06944208847309816
2017-03,home_appliances,313.3,9,4,4.3,0.0008369300667861111
2017-03,home_appliances_2,500.9,2,2,4.0,0.0013380729985737728
2017-03,home_comfort_2,342.88,3,2,4.666666666666667,0.0009159482326831209
2017-03,home_confort,2123.4,12,4,3.769230769230769,0.0056723182375155706
2017-03,home_construction,591.96,5,3,4.3,0.001581324999472411
2017-03,housewares,13511.81,178,46,4.096059113300493,0.03609460595499918
2017-03,industry_commerce_and_business,238.0,2,1,4.0,0.0006357783462977799
2017-03,kitchen_dining_laundry_garden_furniture,113.98,3,2,4.0,0.00030447905844966787
2017-03,luggage_accessories,5924.01,35,5,4.578947368421052,0.015825030593493744
2017-03,market_place,1808.5900000000001,17,12,4.411764705882353,0.004831354450969335
2017-03,music,27.99,1,1,5.0,7.47707391297263e-05
2017-03,musical_instruments,1667.33,9,7,2.7,0.004454001303078476
2017-03,office_furniture,11783.51,60,5,3.2,0.03147773319908972
2017-03,perfumery,19808.13,104,14,4.180952380952381,0.05291420224643464
2017-03,pet_shop,8369.960000000001,41,18,4.333333333333333,0.02235898877049818
2017-03,signaling_and_security,75.0,1,1,1.0,0.00020035031921148525
2017-03,small_appliances,11171.06,31,12,4.7,0.029841672492408725
2017-03,sports_leisure,27001.59,171,62,4.166666666666667,0.07213036234290197
2017-03,stationery,5902.62,56,19,4.5636363636363635,0.015767890682454627
2017-03,tablets_printing_image,495.0,5,1,3.2,0.0013223121067958026
2017-03,telephony,8121.05,159,22,3.808139534883721,0.0216940661310991
2017-03,toys,12429.47,100,24,4.41747572815534,0.033203310428394396
2017-03,unknown,6714.17,57,36,3.918032786885246,0.017935814703202373
2017-03,watches_gifts,26770.38,76,7,4.1375,0.07151272237883681
2017-04,air_conditioning,2582.23,14,6,4.5,0.007174311318429562
2017-04,art,119.9,1,1,4.0,0.0003331228926469387
2017-04,audio,942.2,9,4,3.5454545454545454,0.00261775137157586
2017-04,auto,15548.17,81,38,3.852272727272727,0.04319809312565765
2017-04,baby,3980.4500000000003,48,16,3.7450980392156863,0.011059041017819075
2017-04,bed_bath_table,24347.690000000002,234,26,4.016483516483516,0.0676461461390404
2017-04,books_general_interest,923.38,12,7,4.666666666666667,0.00256546302428966
2017-04,books_imported,19.99,1,1,1.0,5.55390043704112e-05
2017-04,books_technical,75.0,1,1,4.0,0.0002083754541161001
2017-04,christmas_supplies,69.0,1,1,5.0,0.00019170541778681209
2017-04,cine_photo,118.0,2,1,5.0,0.0003278440478093308
2017-04,computers_accessories,20691.06,120,38,3.8296296296296295,0.057486786981912986
2017-04,consoles_games,3772.88,15,8,4.176470588235294,0.010482341111007357
2017-04,cool_stuff,21822.08,119,37,4.0,0.06062914439677154
2017-04,costruction_tools_garden,1490.21,7,3,4.375,0.0041403091397113805
2017-04,costruction_tools_tools,729.0,1,1,5.0,0.002025409414008493
2017-04,drinks,199.93,2,1,1.0,0.0005554733938857585
2017-04,dvds_blu_ray,1434.9,2,2,5.0,0.003986639188149227
2017-04,electronics,4822.24,47,16,4.166666666666667,0.0133978193314243
2017-04,fashio_female_clothing,64.9,1,1,2.0,0.00018031422629513196
2017-04,fashion_bags_accessories,3219.8,46,18,4.12,0.008945697162173588
2017-04,fashion_male_clothing,416.69,6,3,3.4285714285714284,0.00115770623967517
2017-04,fashion_shoes,1526.5,20,3,4.681818181818182,0.004241135076109691
2017-04,fashion_sport,189.78,4,3,3.5,0.0005272732490953797
2017-04,fashion_underwear_beach,98.78999999999999,4,3,3.5,0.000274472148161727
2017-04,fixed_telephony,2998.33,7,6,3.090909090909091,0.008330378337865684
2017-04,food,491.3,8,5,4.25,0.0013649981414298664
2017-04,food_drink,47.9,2,2,3.6666666666666665,0.0001330824566954826
2017-04,furniture_bedroom,858.96,4,2,1.6,0.002386482400900871
2017-04,furniture_decor,21690.42,169,67,3.92,0.06026334823291919
2017-04,furniture_living_room,2073.34,11,7,3.75,0.0057604421871609995
2017-04,furniture_mattress_and_upholstery,109.4,1,1,4.0,0.0003039503290706847
2017-04,garden_tools,20809.28,99,38,3.8907563025210083,0.05781524226438772
2017-04,health_beauty,22935.75,176,49,4.0,0.06372329762324457
2017-04,home_appliances,499.4,9,3,4.4,0.0013875026904744052
2017-04,home_appliances_2,799.8,2,1,2.5,0.0022221158426940914
2017-04,home_comfort_2,12.9,1,1,5.0,3.584057810796922e-05
2017-04,home_confort,2411.1,16,6,4.294117647058823,0.006698854098924386
2017-04,home_construction,1602.69,5,3,4.2,0.004452816754097766
2017-04,housewares,15028.84,144,51,3.912568306010929,0.04175521813117613
2017-04,kitchen_dining_laundry_garden_furniture,1033.3999999999999,8,4,3.888888888888889,0.0028711359237810373
2017-04,la_cuisine,24.0,1,1,1.0,6.668014531715203e-05
2017-04,luggage_accessories,7150.2,47,8,4.416666666666667,0.01986568229361252
2017-04,market_place,4090.18,20,10,3.75,0.01136390819888787
2017-04,music,59.8,2,2,5.0,0.00016614469541523713
2017-04,musical_instruments,3818.43,16,8,3.8125,0.010608894470140533
2017-04,office_furniture,9411.3,48,6,3.9482758620689653,0.0261477854843047
2017-04,pc_gamer,259.98,2,1,2.5,0.0007223126741480494
2017-04,perfumery,19891.11,101,19,4.057142857142857,0.05526425438831067
2017-04,pet_shop,6182.89,46,21,4.04,0.017178166819998588
2017-04,signaling_and_security,128.06,3,2,4.666666666666667,0.0003557941420547704
2017-04,small_appliances,23253.98,21,9,3.761904761904762,0.06460744856675613
2017-04,sports_leisure,24864.33,198,74,4.027906976744186,0.06908154740056761
2017-04,stationery,4606.34,36,12,4.388888888888889,0.012797975857508753
2017-04,tablets_printing_image,1112.88,9,3,4.0,0.00309195833835634
2017-04,telephony,7245.87,141,20,4.188811188811189,0.020131486022883015
2017-04,toys,13039.43,103,31,4.216216216216216,0.03622796196886799
2017-04,unknown,8693.09,63,34,4.169014084507042,0.024152354352295048
2017-04,watches_gifts,23487.78,90,12,3.948453608247423,0.06525702431572071
2017-05,agro_industry_and_commerce,1579.94,4,2,4.75,0.0031219721401224343
2017-05,air_conditioning,1016.77,7,7,4.25,0.0020091444060611713
2017-05,art,6967.65,8,5,4.5,0.013768123588316061
2017-05,arts_and_craftmanship,21.99,1,1,5.0,4.345238892697971e-05
2017-05,audio,2081.18,17,7,4.176470588235294,0.004112425774763603
2017-05,auto,18640.03,106,43,4.008064516129032,0.036832825519352866
2017-05,baby,9849.51,102,27,4.132075471698113,0.01946269846567421
2017-05,bed_bath_table,33346.45,329,35,4.126038781163435,0.06589281103838483
2017-05,books_general_interest,1841.57,19,6,4.45,0.0036389547920080956
2017-05,books_technical,262.0,3,2,4.666666666666667,0.0005177137743914818
2017-05,cine_photo,59.0,1,1,5.0,0.00011658439957670773
2017-05,computers_accessories,45634.78,260,53,4.261006289308176,0.09017463434093476
2017-05,consoles_games,2507.2,26,13,4.137931034482759,0.004954244179978333
2017-05,construction_tools_construction,99.99,1,1,5.0,0.0001975809171809323
2017-05,cool_stuff,33696.47,236,41,4.176829268292683,0.06658445292889059
2017-05,costruction_tools_garden,1577.24,6,3,3.0,0.0031166369218367206
2017-05,costruction_tools_tools,803.9,2,2,5.0,0.001588511844401955
2017-05,drinks,90.0,1,1,5.0,0.00017784060952379146
2017-05,dvds_blu_ray,89.6,4,1,4.75,0.0001770502068147968
2017-05,electronics,6709.11,62,16,3.791044776119403,0.013257246797357382
2017-05,fashio_female_clothing,422.40000000000003,5,3,3.4,0.000834665260698328
2017-05,fashion_bags_accessories,7498.67,97,25,4.078703703703703,0.014817422704641882
2017-05,fashion_childrens_clothes,110.0,1,1,5.0,0.00021736074497352289
2017-05,fashion_male_clothing,608.9,3,2,2.5,0.0012031905237670734
2017-05,fashion_shoes,1669.54,22,4,4.2727272727272725,0.0032990223469372307
2017-05,fashion_sport,124.84,3,3,5.0,0.0002466846854772236
2017-05,fashion_underwear_beach,283.5,6,3,4.285714285714286,0.0005601979199999431
2017-05,fixed_telephony,462.33000000000004,10,5,3.1,0.0009135672111237168
2017-05,food,387.9,3,2,3.3333333333333335,0.0007664930270475411
2017-05,food_drink,416.28999999999996,12,7,4.352941176470588,0.0008225918593184349
2017-05,furniture_bedroom,2369.97,6,4,4.555555555555555,0.00468307677059
2017-05,furniture_decor,24028.51,234,67,3.8846153846153846,0.04748049849276131
2017-05,furniture_living_room,4929.43,29,9,3.6666666666666665,0.009740587064498481
2017-05,furniture_mattress_and_upholstery,595.89,3,2,3.6666666666666665,0.0011774826756570233
2017-05,garden_tools,20693.46,124,41,4.223021582733813,0.04089041710617997
2017-05,health_beauty,46786.02,267,61,4.16376306620209,0.09244949237769219
2017-05,home_appliances,1912.79,28,5,4.714285714285714,0.0037796859943445894
2017-05,home_appliances_2,3093.04,9,4,4.444444444444445,0.006111867987571865
2017-05,home_confort,5293.87,34,6,3.4054054054054053,0.010460722972663487
2017-05,home_construction,1620.5,5,2,2.5714285714285716,0.0032021189748144894
2017-05,housewares,21726.48,264,61,4.19281045751634,0.04293167162229405
2017-05,industry_commerce_and_business,519.8,2,2,3.0,0.0010271283203385198
2017-05,kitchen_dining_laundry_garden_furniture,1304.48,9,5,4.111111111111111,0.002577661314573283
2017-05,la_cuisine,193.0,1,1,5.0,0.00038136930708990835
2017-05,luggage_accessories,12539.62,64,8,4.257142857142857,0.024778374044408066
2017-05,market_place,2476.98,21,13,4.5,0.004894529255313788
2017-05,musical_instruments,10019.43,19,9,4.285714285714286,0.01979846153645513
2017-05,office_furniture,8403.43,42,5,3.767857142857143,0.01660523459211683
2017-05,pc_gamer,129.99,1,1,5.0,0.00025686112035552946
2017-05,perfumery,20119.04,134,18,4.13986013986014,0.03975535929592824
2017-05,pet_shop,8151.02,66,22,4.424657534246576,0.016106470722673495
2017-05,signaling_and_security,508.85,3,3,4.75,0.001005491046179792
2017-05,small_appliances,5241.44,16,12,4.611111111111111,0.010357120937582016
2017-05,sports_leisure,36163.5,266,81,4.143769968051118,0.07145932091681814
2017-05,stationery,6049.9800000000005,62,13,4.2615384615384615,0.01195480145340831
2017-05,tablets_printing_image,1514.98,7,3,4.8,0.0029936107401817066
2017-05,telephony,9264.1,204,19,3.8468468468468466,0.01830592434099285
2017-05,toys,22626.95,196,41,4.5,0.04471100644071503
2017-05,unknown,10961.94,86,42,4.09375,0.02166086767959145
2017-05,watches_gifts,37973.9,126,15,4.2407407407407405,0.07503668357772783
2017-06,agro_industry_and_commerce,1390.0,1,1,1.0,0.0032098755168707828
2017-06,air_conditioning,2084.48,9,6,4.090909090909091,0.00481361245856605
2017-06,art,421.7,5,4,2.2,0.0009738161909815892
2017-06,audio,1671.0,11,2,3.909090909090909,0.0038587784091302715
2017-06,auto,31370.69,103,28,3.9454545454545453,0.0724431725024051
2017-06,baby,7864.74,72,30,3.6103896103896105,0.018161752786010302
2017-06,bed_bath_table,35114.81,335,33,4.014627659574468,0.08108933014285563
2017-06,books_general_interest,1940.0800000000002,20,9,4.571428571428571,0.0044801548868853725
2017-06,books_imported,99.0,1,1,5.0,0.0002286170332159766
2017-06,books_technical,145.9,2,2,5.0,0.00033692146612334333
2017-06,christmas_supplies,184.7,2,1,4.333333333333333,0.0004265208690403119
2017-06,cine_photo,79.0,1,1,5.0,0.00018243177398042577
2017-06,computers_accessories,37007.08,219,50,3.973076923076923,0.08545907916753842
2017-06,consoles_games,5389.02,27,12,4.275862068965517,0.012444664286278407
2017-06,construction_tools_construction,376.37,4,3,3.0,0.0008691373009242133
2017-06,cool_stuff,38244.5,197,39,4.371859296482412,0.08831660734170119
2017-06,costruction_tools_garden,434.69000000000005,3,3,4.75,0.0010038135168550797
2017-06,drinks,49.99,1,1,4.0,0.0001154400554592593
2017-06,dvds_blu_ray,126.69,4,1,4.75,0.0002925605246275967
2017-06,electronics,2100.04,40,14,4.146341463414634,0.004849544590251308
2017-06,fashio_female_clothing,154.8,3,3,3.6666666666666665,0.00035747390648316346
2017-06,fashion_bags_accessories,6831.03,77,20,4.109756097560975,0.01577464456979124
2017-06,fashion_childrens_clothes,110.0,1,1,5.0,0.00025401892579552955
2017-06,fashion_male_clothing,569.69,8,4,3.7,0.0013155640166950477
2017-06,fashion_shoes,1351.1999999999998,17,2,3.325,0.0031202761139538134
2017-06,fashion_sport,495.49,6,4,4.333333333333333,0.001144216704931154
2017-06,fashion_underwear_beach,3.9,1,1,5.0,9.006125550932411e-06
2017-06,fixed_telephony,933.67,12,5,4.333333333333333,0.002156089549522837
2017-06,food,149.9,1,1,5.0,0.0003461585179704535
2017-06,food_drink,57.4,2,2,5.0,0.00013255169400603088
2017-06,furniture_bedroom,308.99,2,2,5.0,0.0007135391625596425
2017-06,furniture_decor,16943.58,180,58,4.216450216450217,0.03912718173391472
2017-06,furniture_living_room,1713.3,12,5,4.533333333333333,0.003956460232413462
2017-06,garden_tools,15851.17,102,39,4.2894736842105265,0.03660451978183931
2017-06,health_beauty,32029.39,239,56,4.228682170542636,0.07396428401532797
2017-06,home_appliances,2507.19,42,3,3.895348837209302,0.005789761005139034
2017-06,home_appliances_2,1213.8700000000001,6,3,3.5,0.0028031450314129043
2017-06,home_comfort_2,12.9,1,1,5.0,2.9789492206930286e-05
2017-06,home_confort,3056.19,18,5,3.764705882352941,0.007057546371154904
2017-06,home_construction,1992.3,4,3,4.0,0.004600744598749396
2017-06,housewares,23623.71,289,60,4.142857142857143,0.05455335852277372
2017-06,industry_commerce_and_business,276.97,2,1,4.5,0.0006395965625235257
2017-06,kitchen_dining_laundry_garden_furniture,374.8,4,3,4.75,0.0008655117580742226
2017-06,luggage_accessories,8232.09,60,9,4.442622950819672,0.01901006053501928
2017-06,market_place,1258.95,15,11,3.75,0.0029072466057298357
2017-06,music,1066.9,4,2,3.25,0.002463752653920459
2017-06,musical_instruments,4993.05,17,8,3.75,0.011530265431303354
2017-06,office_furniture,7279.13,45,4,3.92,0.016809425302963754
2017-06,pc_gamer,129.99,1,1,4.0,0.0003001810924014626
2017-06,perfumery,24438.1,146,21,4.097402597402597,0.05643399918621573
2017-06,pet_shop,5243.57,61,20,4.396825396825397,0.012108781988487862
2017-06,signaling_and_security,273.9,2,2,3.5,0.0006325071252308686
2017-06,small_appliances,9698.81,23,10,3.782608695652174,0.022397102706317635
2017-06,small_appliances_home_oven_and_coffee,71.9,1,1,5.0,0.00016603600695180525
2017-06,sports_leisure,32898.33,250,73,4.368231046931408,0.07597089497333495
2017-06,stationery,3493.57,37,12,4.368421052631579,0.008067571805377165
2017-06,tablets_printing_image,594.0,6,1,5.0,0.0013717021992958596
2017-06,telephony,6757.62,151,19,4.1125,0.015605121575767149
2017-06,toys,15476.35,152,44,4.3152866242038215,0.035738961838505855
2017-06,unknown,5527.79,55,36,3.6666666666666665,0.012765120707484276
2017-06,watches_gifts,28948.63,118,13,4.139344262295082,0.06684999905320219
2017-07,agro_industry_and_commerce,1180.0,1,1,5.0,0.002369328139658963
2017-07,air_conditioning,1396.1000000000001,5,4,3.4,0.00280323645404905
2017-07,art,386.75,3,3,4.333333333333333,0.0007765573372992406
2017-07,arts_and_craftmanship,129.9,1,1,5.0,0.000260826885882796
2017-07,audio,771.69,7,6,4.166666666666667,0.0015494803661808688
2017-07,auto,14119.74,106,42,4.14957264957265,0.028351099412430716
2017-07,baby,15941.11,124,37,4.387596899224806,0.03200823771220245
2017-07,bed_bath_table,63888.75,513,29,4.072183098591549,0.12828255354460727
2017-07,books_general_interest,1292.4,12,4,5.0,0.002595016684487495
2017-07,books_technical,528.0,2,2,5.0,0.001060173947237231
2017-07,cds_dvds_musicals,225.0,4,1,4.0,0.0004517786706976836
2017-07,christmas_supplies,65.09,2,2,4.5,0.00013069454966983213
2017-07,computers_accessories,38709.0,274,60,4.114551083591332,0.0777240025068295
2017-07,consoles_games,5680.16,46,16,4.25,0.01140522281844513
2017-07,construction_tools_construction,549.4399999999999,5,2,4.666666666666667,0.0011032234347917124
2017-07,construction_tools_lights,360.0,1,1,5.0,0.0007228458731162938
2017-07,cool_stuff,37506.76,222,46,4.267543859649122,0.07531001855545356
2017-07,costruction_tools_garden,347.58000000000004,7,4,4.5,0.0006979076904937817
2017-07,drinks,273.97,2,1,4.0,0.0005501057884935306
2017-07,dvds_blu_ray,749.6999999999999,4,2,3.3333333333333335,0.0015053265307646817
2017-07,electronics,7346.84,87,19,4.26595744680851,0.0147517582623492
2017-07,fashio_female_clothing,310.70000000000005,4,2,4.0,0.0006238561466034236
2017-07,fashion_bags_accessories,5193.1,82,22,4.2272727272727275,0.010427252510222848
2017-07,fashion_male_clothing,719.99,8,5,4.333333333333333,0.0014456716671805566
2017-07,fashion_shoes,1423.01,19,5,4.3,0.0028572691830644923
2017-07,fashion_sport,69.9,1,1,4.0,0.00014035257369674706
2017-07,fashion_underwear_beach,274.8,3,2,4.0,0.0005517723498121043
2017-07,fixed_telephony,218.73,8,3,3.4444444444444446,0.0004391891050742415
2017-07,food,584.16,7,4,5.0,0.0011729379034433726
2017-07,food_drink,168.2,7,4,4.625,0.00033772965516155727
2017-07,furniture_bedroom,1206.99,5,4,3.6,0.002423521501090654
2017-07,furniture_decor,24751.920000000002,253,65,4.074132492113565,0.049699508954735155
2017-07,furniture_living_room,4395.12,27,8,4.096774193548387,0.00882498431625246
2017-07,furniture_mattress_and_upholstery,109.4,1,1,1.0,0.00021966482921922928
2017-07,garden_tools,20067.05,159,36,4.144385026737968,0.04029273410588423
2017-07,health_beauty,34896.86,278,66,3.9137566137566133,0.07006958676588075
2017-07,home_appliances,3671.9900000000002,37,5,4.162162162162162,0.007373007826734166
2017-07,home_appliances_2,1033.99,7,2,3.4285714285714284,0.002076153900954213
2017-07,home_comfort_2,12.9,1,1,4.0,2.5901977120000527e-05
2017-07,home_confort,4563.85,36,6,3.86046511627907,0.00916377816117166
2017-07,home_construction,93.6,1,1,5.0,0.00018793992701023637
2017-07,housewares,20874.3,225,65,4.295620437956204,0.04191361558108737
2017-07,industry_commerce_and_business,245.95999999999998,2,2,5.0,0.0004938643637546767
2017-07,kitchen_dining_laundry_garden_furniture,1316.5,9,5,4.454545454545454,0.0026434071998822244
2017-07,la_cuisine,469.99,4,2,5.0,0.0009436953664053526
2017-07,luggage_accessories,8357.61,73,11,4.3561643835616435,0.016781288604487413
2017-07,market_place,1573.3799999999999,13,9,3.6923076923076925,0.003159197888454762
2017-07,music,329.0,1,1,3.0,0.0006606008118201685
2017-07,musical_instruments,8411.59,28,13,4.258064516129032,0.016889675327350796
2017-07,office_furniture,16892.61,97,4,4.004347826086956,0.03391875951295288
2017-07,party_supplies,69.9,1,1,5.0,0.00014035257369674706
2017-07,perfumery,12910.02,119,30,4.158730158730159,0.025922096330135598
2017-07,pet_shop,6605.87,71,24,3.7209302325581395,0.013263960744007588
2017-07,signaling_and_security,530.19,5,4,4.6,0.0010645712596320219
2017-07,small_appliances,4621.36,33,17,3.7058823529411766,0.009279252789401986
2017-07,sports_leisure,38813.41,337,86,4.187012987012987,0.07793364788908526
2017-07,stationery,7091.75,75,22,4.08125,0.014239561724090213
2017-07,tablets_printing_image,198.0,2,1,3.5,0.0003975652302139616
2017-07,telephony,9064.86,136,26,4.1875,0.018201379559380466
2017-07,toys,24511.72,201,42,4.463414634146342,0.04921721012495034
2017-07,unknown,3124.66,55,35,4.191666666666666,0.0062740210719209955
2017-07,watches_gifts,36804.56,157,15,4.0119760479041915,0.07390006752183617
2017-08,agro_industry_and_commerce,88.0,1,1,5.0,0.00015331766891356032
2017-08,air_conditioning,4271.73,12,8,4.642857142857143,0.007442405520774124
2017-08,art,244.7,4,2,4.25,0.0004263276543539569
2017-08,audio,1050.7,7,6,3.7857142857142856,0.0018305781219031573
2017-08,auto,20421.11,133,48,4.205479452054795,0.035578602066220405
2017-08,baby,19982.13,125,37,4.234848484848484,0.034813790812815014
2017-08,bed_bath_table,57137.23,448,45,4.065476190476191,0.09954712399747667
2017-08,books_general_interest,3214.8,29,15,4.5,0.0056009732048103835
2017-08,books_imported,61.0,1,1,5.0,0.00010627702049689976
2017-08,books_technical,1196.38,9,5,4.666666666666667,0.002084388553804606
2017-08,cds_dvds_musicals,135.0,2,1,5.0,0.00023520324208330278
2017-08,christmas_supplies,58.9,1,1,5.0,0.00010261830339782616
2017-08,computers,33700.0,29,1,4.206896551724138,0.05871369820894299
2017-08,computers_accessories,35025.72,297,64,4.243553008595988,0.061023428891125775
2017-08,consoles_games,8824.25,85,17,4.230337078651686,0.015374016362619144
2017-08,construction_tools_construction,1180.0,6,4,3.857142857142857,0.0020558505604318317
2017-08,construction_tools_lights,589.0,2,1,5.0,0.0010261830339782618
2017-08,construction_tools_safety,8.9,1,1,1.0,1.5505991515121443e-05
2017-08,cool_stuff,41720.03,241,56,4.38403041825095,0.07268656530231596
2017-08,costruction_tools_garden,1286.19,7,7,3.9,0.00224085968840832
2017-08,drinks,119.9,2,2,5.0,0.00020889532389472594
2017-08,dvds_blu_ray,113.39999999999999,6,1,2.8333333333333335,0.00019757072334997431
2017-08,electronics,2854.15,52,14,3.925925925925926,0.004972632099200434
2017-08,fashio_female_clothing,188.7,4,2,4.25,0.00032876186504532764
2017-08,fashion_bags_accessories,6617.68,89,28,4.252525252525253,0.011529628081998748
2017-08,fashion_childrens_clothes,49.9,1,1,1.0,8.693808725893932e-05
2017-08,fashion_male_clothing,1205.05,13,7,3.1333333333333333,0.0020994938286850668
2017-08,fashion_shoes,1491.69,18,5,4.666666666666667,0.002598891290246236
2017-08,fashion_sport,265.8,2,2,3.0,0.0004630890499684584
2017-08,fashion_underwear_beach,1111.0,13,4,4.384615384615385,0.001935635570033699
2017-08,fixed_telephony,3343.54,14,10,4.65,0.0058252699854459715
2017-08,food,364.5,8,5,4.75,0.0006350487536249175
2017-08,food_drink,494.81,12,6,4.7,0.0008620808608536225
2017-08,furniture_bedroom,618.0,3,3,4.666666666666667,0.0010767081748702305
2017-08,furniture_decor,35511.73,332,80,4.053990610328638,0.061870177985088044
2017-08,furniture_living_room,2478.07,21,8,4.318181818181818,0.004317408134143483
2017-08,furniture_mattress_and_upholstery,509.39,2,2,4.5,0.0008874828109986192
2017-08,garden_tools,24269.4,199,39,4.310924369747899,0.04228327084012228
2017-08,health_beauty,49873.9,345,78,4.264044943820225,0.08689261463213654
2017-08,home_appliances,4587.05,49,5,3.9285714285714284,0.007991770604431214
2017-08,home_appliances_2,4004.55,17,7,4.625,0.006976912170997705
2017-08,home_comfort_2,38.7,2,1,5.0,6.742492939721347e-05
2017-08,home_confort,4000.19,24,6,4.37037037037037,0.006969315977401532
2017-08,home_construction,124.8,1,1,5.0,0.00021743233045923098
2017-08,housewares,23733.94,249,82,4.111888111888112,0.04135036766970802
2017-08,industry_commerce_and_business,956.9,3,3,4.0,0.001667155424811203
2017-08,kitchen_dining_laundry_garden_furniture,1006.2,7,7,3.857142857142857,0.00175304816432755
2017-08,la_cuisine,313.0,2,1,5.0,0.0005453230723857316
2017-08,luggage_accessories,6833.1,58,7,4.444444444444445,0.011904942766514194
2017-08,market_place,1937.3899999999999,22,12,4.173913043478261,0.003375410438368666
2017-08,musical_instruments,7185.55,24,13,3.888888888888889,0.01251899745297538
2017-08,office_furniture,9877.36,46,5,3.8448275862068964,0.01720879329795505
2017-08,perfumery,13142.09,118,30,4.417322834645669,0.0228967568574115
2017-08,pet_shop,10500.79,76,26,4.233333333333333,0.01829496186989574
2017-08,signaling_and_security,377.8,4,3,4.25,0.000658220628585717
2017-08,small_appliances,4297.01,32,14,4.333333333333333,0.007486449505662021
2017-08,small_appliances_home_oven_and_coffee,109.06,2,2,2.0,0.00019000937467855556
2017-08,sports_leisure,41732.26,383,105,4.326650943396227,0.07270787297380246
2017-08,stationery,6366.91,75,18,4.525,0.011092724992982231
2017-08,tablets_printing_image,450.89,6,3,4.166666666666667,0.0007855614060958547
2017-08,telephony,10930.29,131,30,4.0588235294117645,0.019043256628968174
2017-08,toys,18126.87,170,47,4.377049180327869,0.03158147105794488
2017-08,unknown,5243.4,66,40,4.0131578947368425,0.009135293922515478
2017-08,watches_gifts,36419.2,195,17,4.372641509433962,0.06345121417837199
2017-09,agro_industry_and_commerce,1993.99,3,2,3.25,0.0031934410683609775
2017-09,air_conditioning,1731.05,8,6,4.0,0.002772333944195442
2017-09,art,388.53999999999996,3,3,3.3333333333333335,0.0006222596867090477
2017-09,audio,1042.5900000000001,10,7,4.1,0.0016697424377566947
2017-09,auto,14544.67,97,40,4.065420560747664,0.023293771033835606
2017-09,baby,24366.3,165,42,4.069364161849711,0.03902343698012732
2017-09,bed_bath_table,52473.200000000004,461,45,4.019011406844107,0.08403756882848924
2017-09,books_general_interest,965.14,15,12,4.0,0.0015457036959653327
2017-09,books_imported,290.0,3,1,5.0,0.00046444461096830145
2017-09,books_technical,1001.35,8,4,4.25,0.0016036952110107196
2017-09,christmas_supplies,254.7,3,2,4.75,0.0004079104910814703
2017-09,cine_photo,69.0,1,1,5.0,0.00011050578674763035
2017-09,computers,52878.880000000005,40,1,4.463414634146342,0.08468727879323966
2017-09,computers_accessories,28930.98,216,64,3.964426877470356,0.04633392327941969
2017-09,consoles_games,8910.37,61,16,4.242424242424242,0.014270252855978017
2017-09,construction_tools_construction,1289.2,8,5,4.181818181818182,0.0020646965257252905
2017-09,construction_tools_lights,229.0,1,1,1.0,0.00036675108935083116
2017-09,construction_tools_safety,1124.54,4,3,3.4,0.0018009880786837714
2017-09,cool_stuff,38210.340000000004,200,56,4.213235294117647,0.06119512584919493
2017-09,costruction_tools_garden,297.5,5,4,4.333333333333333,0.0004764561095278265
2017-09,costruction_tools_tools,916.89,3,3,4.666666666666667,0.001468429721899055
2017-09,drinks,327.97,7,3,4.125,0.0005252548243423236
2017-09,dvds_blu_ray,39.8,2,1,4.5,6.374101902254619e-05
2017-09,electronics,4338.96,65,22,4.166666666666667,0.006948988238644901
2017-09,fashio_female_clothing,355.7,3,3,4.25,0.0005696653383497408
2017-09,fashion_bags_accessories,11948.22,103,31,4.149193548387097,0.0191354703091851
2017-09,fashion_childrens_clothes,89.99,1,1,5.0,0.00014412196738288776
2017-09,fashion_male_clothing,1177.5,10,5,1.9375,0.0018858052738454309
2017-09,fashion_shoes,1179.6000000000001,13,4,4.076923076923077,0.0018891684934420983
2017-09,fashion_sport,384.6,2,2,4.2,0.000615949646132444
2017-09,fashion_underwear_beach,1789.7,16,4,4.222222222222222,0.002866263862930928
2017-09,fixed_telephony,13692.91,6,4,2.230769230769231,0.021929649165427466
2017-09,food,992.92,13,6,4.294117647058823,0.0015901942866298133
2017-09,food_drink,310.86,6,6,2.6666666666666665,0.0004978525922951938
2017-09,furniture_bedroom,709.6,3,3,5.0,0.0011364479170451957
2017-09,furniture_decor,30838.69,275,77,4.135838150289017,0.04938918406835189
2017-09,furniture_living_room,1275.87,11,5,4.545454545454546,0.002043348088952161
2017-09,furniture_mattress_and_upholstery,86.5,1,1,5.0,0.00013853261671985544
2017-09,garden_tools,22507.23,179,38,4.26457399103139,0.0360460747631865
2017-09,health_beauty,51537.65,360,89,4.215425531914893,0.08253925449817408
2017-09,home_appliances,1820.19,10,7,4.4,0.0029150946084082504
2017-09,home_appliances_2,1627.8,6,5,4.666666666666667,0.0026069756473593142
2017-09,home_comfort_2,12.9,1,1,3.0,2.0659777522383066e-05
2017-09,home_confort,4592.34,26,4,4.393939393939394,0.007354784705979895
2017-09,home_construction,1357.81,9,8,3.5454545454545454,0.0021745777145478254
2017-09,housewares,20313.26,223,75,4.177165354330708,0.03253235909723434
2017-09,industry_commerce_and_business,219.98,2,1,5.0,0.0003523052604165757
2017-09,kitchen_dining_laundry_garden_furniture,464.09000000000003,5,5,4.0,0.0007432555155319967
2017-09,luggage_accessories,3885.38,41,10,4.5476190476190474,0.006222564836427653
2017-09,market_place,1147.21,11,9,3.8181818181818183,0.0018372948349963626
2017-09,musical_instruments,9034.97,24,14,4.2592592592592595,0.014469803885380257
2017-09,office_furniture,9208.65,37,5,3.8688524590163933,0.014747958161356031
2017-09,party_supplies,269.8,1,1,1.0,0.0004320936415146474
2017-09,perfumery,14744.87,142,34,4.01875,0.02361439796871786
2017-09,pet_shop,8534.92,62,25,4.309859154929577,0.013668957238088192
2017-09,security_and_services,100.0,1,1,1.0,0.00016015331412700052
2017-09,signaling_and_security,438.4,5,3,4.666666666666667,0.0007021121291327702
2017-09,small_appliances,10965.63,32,16,4.121212121212121,0.017561819859904605
2017-09,small_appliances_home_oven_and_coffee,640.99,1,1,1.0,0.0010265667282226606
2017-09,sports_leisure,50167.48,416,107,4.224780701754386,0.08034488183400015
2017-09,stationery,6130.41,71,21,4.103896103896104,0.009818054784573052
2017-09,tablets_printing_image,233.9,3,2,3.6666666666666665,0.00037459860174305417
2017-09,telephony,18559.25,164,33,4.318181818181818,0.029723253952115343
2017-09,toys,31399.22,273,55,4.136518771331058,0.05028689144002797
2017-09,unknown,5904.14,62,35,3.9594594594594597,0.009455675880697888
2017-09,watches_gifts,47135.6,255,16,4.260377358490566,0.07548922553364645
2017-10,agro_industry_and_commerce,3350.2799999999997,5,5,4.2,0.0050439355560556245
2017-10,air_conditioning,2562.42,9,5,3.9166666666666665,0.0038577913928233027
2017-10,art,349.05,3,3,4.666666666666667,0.0005255040491664028
2017-10,audio,2348.48,32,5,3.5161290322580645,0.0035356990384939513
2017-10,auto,21505.28,132,49,4.05,0.032376770429615405
2017-10,baby,16497.5,134,43,4.345588235294118,0.024837424584222115
2017-10,bed_bath_table,46198.0,445,51,3.8493530499075788,0.0695523164686706
2017-10,books_general_interest,734.5,8,4,4.7,0.0011058092654712014
2017-10,books_technical,880.0,6,3,4.833333333333333,0.0013248633813678112
2017-10,cds_dvds_musicals,45.0,1,1,5.0,6.774869563812671e-05
2017-10,christmas_supplies,388.05,7,3,4.583333333333333,0.0005842195853861126
2017-10,cine_photo,69.0,1,1,3.0,0.00010388133331179428
2017-10,computers,40393.92,26,2,4.1923076923076925,0.060814119815796416
2017-10,computers_accessories,44022.09,265,68,4.040752351097178,0.06627642615031602
2017-10,consoles_games,10608.87,101,22,3.981651376146789,0.01597193565987674
2017-10,construction_tools_construction,2576.18,15,7,4.2105263157894735,0.003878507438422872
2017-10,construction_tools_lights,500.0,2,1,3.5,0.0007527632848680745
2017-10,construction_tools_safety,1668.85,9,3,3.1666666666666665,0.002512498015904172
2017-10,cool_stuff,44910.01,246,63,4.2784313725490195,0.06761321330211614
2017-10,costruction_tools_garden,746.9,8,4,4.0,0.0011244777949359296
2017-10,costruction_tools_tools,1018.6,5,3,4.6,0.0015335293639332412
2017-10,drinks,596.98,10,1,4.25,0.0008987692516010862
2017-10,dvds_blu_ray,194.5,5,1,4.2,0.000292824917813681
2017-10,electronics,3454.3199999999997,56,16,3.9365079365079363,0.0052005705403709735
2017-10,fashion_bags_accessories,7906.06,95,33,4.027272727272727,0.011902783391928178
2017-10,fashion_childrens_clothes,39.99,1,1,5.0,6.02060075237486e-05
2017-10,fashion_male_clothing,1041.8,9,4,4.545454545454546,0.00156845758035112
2017-10,fashion_shoes,1860.92,16,5,4.222222222222222,0.0028016645041533945
2017-10,fashion_sport,59.9,1,1,5.0,9.018104152719532e-05
2017-10,fashion_underwear_beach,187.8,3,3,4.666666666666667,0.0002827378897964488
2017-10,fixed_telephony,3751.88,6,6,3.7142857142857144,0.005648555026461662
2017-10,food,806.06,12,3,4.7272727272727275,0.0012135447468015201
2017-10,food_drink,2297.23,15,4,4.823529411764706,0.0034585408017949733
2017-10,furniture_bedroom,1193.9,4,4,4.625,0.0017974481716079883
2017-10,furniture_decor,30227.51,270,81,3.9182058047493404,0.04550831944196514
2017-10,furniture_living_room,1532.79,13,6,4.421052631578948,0.0023076560708258716
2017-10,garden_tools,25978.74,214,31,4.185714285714286,0.03911168331826728
2017-10,health_beauty,41915.72,332,84,4.204735376044568,0.0631052301496209
2017-10,home_appliances,1951.08,8,6,4.375,0.0029374027796808056
2017-10,home_appliances_2,2803.17,10,7,3.1,0.004220246914487281
2017-10,home_comfort_2,64.5,3,1,5.0,9.71064637479816e-05
2017-10,home_confort,3619.8,26,4,3.925925925925926,0.005449705077130912
2017-10,home_construction,4201.17,15,10,4.0,0.006324973058978417
2017-10,housewares,15996.630000000001,191,74,4.145922746781116,0.024083351491238372
2017-10,industry_commerce_and_business,2256.69,5,3,4.8,0.00339750675465787
2017-10,kitchen_dining_laundry_garden_furniture,3428.6,14,10,3.4,0.0051618483969973605
2017-10,la_cuisine,137.0,1,1,5.0,0.00020625714005385241
2017-10,luggage_accessories,6240.34,52,13,4.517857142857143,0.00939499767418728
2017-10,market_place,1019.54,10,7,3.9,0.0015349445589087933
2017-10,music,54.9,1,1,5.0,8.265340867851457e-05
2017-10,musical_instruments,6859.16,22,13,4.2592592592592595,0.010326647626071403
2017-10,office_furniture,17890.83,69,8,3.1515151515151514,0.02693511991963259
2017-10,party_supplies,137.8,2,1,4.5,0.00020746156130964133
2017-10,perfumery,16984.62,177,36,4.296296296296297,0.02557079668687199
2017-10,pet_shop,8243.58,64,23,3.9078947368421053,0.012410928719745522
2017-10,signaling_and_security,744.0,7,3,4.444444444444445,0.0011201117678836948
2017-10,small_appliances,6464.85,30,12,4.433333333333334,0.009733003444358743
2017-10,sports_leisure,49751.45,424,109,4.137634408602151,0.07490212985789953
2017-10,stationery,8607.86,93,25,3.8217821782178216,0.012959361938569008
2017-10,tablets_printing_image,99.0,1,1,4.0,0.00014904713040387875
2017-10,telephony,22850.76,228,38,4.052208835341365,0.034402426318664
2017-10,toys,34633.01,279,57,4.225694444444445,0.052140916744937746
2017-10,unknown,18800.48,63,34,3.8732394366197185,0.028304622163793074
2017-10,watches_gifts,65959.53,287,27,4.012820512820513,0.0993038249423086
2017-11,agro_industry_and_commerce,13932.49,13,5,2.789473684210526,0.013790839188088641
2017-11,air_conditioning,4076.62,16,11,3.9444444444444446,0.004035173242611042
2017-11,art,75.0,1,1,5.0,7.423747938140621e-05
2017-11,audio,3677.23,33,10,3.5555555555555554,0.003639843817409178
2017-11,auto,34955.38,245,66,3.9444444444444446,0.034599990693589586
2017-11,baby,21738.78,190,53,3.732673267326733,0.02151776309369234
2017-11,bed_bath_table,89412.54000000001,817,55,3.572245322245322,0.08850348792918877
2017-11,books_general_interest,2664.96,38,16,4.162162162162162,0.0026378655073636304
2017-11,books_imported,324.0,3,2,5.0,0.00032070591092767483
2017-11,books_technical,768.9,5,1,3.6666666666666665,0.0007610826386181764
2017-11,cds_dvds_musicals,195.0,3,1,5.0,0.00019301744639165614
2017-11,christmas_supplies,1340.58,20,7,3.375,0.001326950401455007
2017-11,cine_photo,242.0,1,1,1.0,0.00023953960013733735
2017-11,computers,9768.0,7,1,4.285714285714286,0.009668689314634344
2017-11,computers_accessories,72656.0,444,83,3.7930056710775046,0.07191731069247266
2017-11,consoles_games,12608.88,129,17,4.037313432835821,0.012480686253635
2017-11,construction_tools_construction,6993.56,36,19,4.239130434782608,0.00692245688403503
2017-11,construction_tools_lights,2199.48,9,3,3.4,0.002177118015330871
2017-11,construction_tools_safety,3318.59,13,2,4.266666666666667,0.0032848500893378776
2017-11,cool_stuff,56295.24,291,77,4.063758389261745,0.05572288958361752
2017-11,costruction_tools_garden,1218.5,14,6,3.3529411764705883,0.0012061115816832462
2017-11,costruction_tools_tools,269.5,4,1,4.2,0.00026676000924385297
2017-11,drinks,748.61,15,5,3.9473684210526314,0.00074099892586286
2017-11,dvds_blu_ray,79.78999999999999,3,2,3.6666666666666665,7.8978779731232e-05
2017-11,electronics,10026.14,165,28,3.967391304347826,0.00992420482033456
2017-11,fashio_female_clothing,79.88,3,2,2.5,7.90678647064897e-05
2017-11,fashion_bags_accessories,13414.89,185,40,3.56,0.013278501597051096
2017-11,fashion_male_clothing,929.99,11,5,3.5,0.0009205348459988528
2017-11,fashion_shoes,1777.7,18,6,4.2105263157894735,0.001759626227951011
2017-11,fashion_sport,59.9,1,1,5.0,5.929100019928309e-05
2017-11,fashion_underwear_beach,1221.6,10,4,3.2,0.0012091800641643442
2017-11,fixed_telephony,943.98,5,4,4.0,0.0009343826104861311
2017-11,flowers,187.8,6,2,4.333333333333333,0.00018589064837104115
2017-11,food,556.95,11,4,3.5714285714285716,0.0005512875218863225
2017-11,food_drink,2445.57,28,8,3.5757575757575757,0.0024207060326771413
2017-11,furniture_bedroom,873.0,3,3,3.3333333333333335,0.0008641242599995683
2017-11,furniture_decor,63223.97,547,108,3.627922077922078,0.06258117559047525
2017-11,furniture_living_room,6212.95,29,13,3.3684210526315788,0.006149783300302769
2017-11,furniture_mattress_and_upholstery,334.0,2,2,3.0,0.0003306042415118623
2017-11,garden_tools,45972.18,433,48,3.8327239488117,0.04550478353157726
2017-11,health_beauty,79120.4,530,114,4.068221070811744,0.07831598751531482
2017-11,home_appliances,4515.94,25,7,3.8,0.004470026701835566
2017-11,home_appliances_2,4854.93,13,7,3.5384615384615383,0.004805570210308939
2017-11,home_comfort_2,38.7,3,1,3.6666666666666665,3.830653936080561e-05
2017-11,home_confort,5355.39,40,6,3.2,0.0053009420627251865
2017-11,home_construction,4936.72,33,14,3.7714285714285714,0.004886528656157009
2017-11,housewares,34855.32,353,97,3.918854415274463,0.0345009479977642
2017-11,industry_commerce_and_business,2074.77,7,6,4.0,0.002053675934615469
2017-11,kitchen_dining_laundry_garden_furniture,5007.39,28,14,3.9393939393939394,0.004956480158395462
2017-11,la_cuisine,137.0,1,1,,0.00013560712900336866
2017-11,luggage_accessories,8538.95,65,15,4.277777777777778,0.008452134994184781
2017-11,market_place,1355.98,11,9,4.375,0.0013421938305546559
2017-11,musical_instruments,16509.9,44,18,3.816326530612245,0.01634204481118771
2017-11,office_furniture,18048.2,76,9,2.911764705882353,0.017864705004953275
2017-11,party_supplies,870.69,4,3,3.75,0.000861837745634621
2017-11,perfumery,31831.81,293,48,3.942122186495177,0.03150817784730453
2017-11,pet_shop,11325.68,84,26,4.224489795918367,0.011210532473072063
2017-11,signaling_and_security,596.79,3,2,1.0,0.0005907224709337254
2017-11,small_appliances,7826.82,30,14,3.903225806451613,0.007747245178293036
2017-11,sports_leisure,64874.05,557,135,4.161716171617162,0.06421447932351088
2017-11,stationery,16699.09,152,36,4.321212121212121,0.016529311327509955
2017-11,tablets_printing_image,350.40000000000003,6,3,4.0,0.00034683750366992983
2017-11,telephony,26564.88,351,39,3.7244094488188977,0.026294796416927068
2017-11,toys,64320.89,452,80,4.04989816700611,0.06366694326891595
2017-11,unknown,14115.98,115,46,3.69672131147541,0.013972463655977898
2017-11,watches_gifts,97724.57,430,31,3.91991341991342,0.09673101000575718
2017-12,agro_industry_and_commerce,5291.7,9,5,4.636363636363637,0.007113320613317527
2017-12,air_conditioning,668.8,3,3,4.333333333333333,0.0008990284457143757
2017-12,art,115.25,3,3,5.0,0.00015492378643627665
2017-12,audio,2686.9300000000003,17,8,4.176470588235294,0.003611881730926029
2017-12,auto,39287.64,243,60,3.9384615384615387,0.052812060294536396
2017-12,baby,19943.08,139,44,3.7785714285714285,0.026808307737974664
2017-12,bed_bath_table,50505.85,481,52,3.7851919561243146,0.06789203921199673
2017-12,books_general_interest,2397.1,38,16,4.5,0.003222280333764848
2017-12,books_imported,231.0,3,1,3.3333333333333335,0.0003105196934210838
2017-12,books_technical,670.69,4,3,4.0,0.0009015690613878211
2017-12,cds_dvds_musicals,65.0,1,1,5.0,8.737567130896296e-05
2017-12,christmas_supplies,493.9,14,5,4.4,0.0006639206778384124
2017-12,computers,16741.0,19,1,3.5,0.022503940205897677
2017-12,computers_accessories,37880.65,252,74,4.005281690140845,0.050920726513382586
2017-12,consoles_games,9075.01,88,20,4.172043010752688,0.012199001398239262
2017-12,construction_tools_construction,5830.35,22,13,3.5925925925925926,0.00783739608024942
2017-12,construction_tools_lights,176.0,2,1,4.0,0.00023658643308273049
2017-12,construction_tools_safety,1384.92,7,2,3.857142857142857,0.001861666380141677
2017-12,cool_stuff,39011.54,235,57,4.012145748987854,0.052440915327637866
2017-12,costruction_tools_garden,928.9,6,3,4.166666666666667,0.0012486655550599337
2017-12,costruction_tools_tools,349.4,6,1,4.0,0.0004696778393131024
2017-12,diapers_and_hygiene,76.0,1,1,1.0,0.00010216232337663362
2017-12,drinks,2132.84,31,5,4.117647058823529,0.0028670511814555166
2017-12,dvds_blu_ray,119.9,1,1,4.0,0.00016117450753761015
2017-12,electronics,8537.51,190,23,4.004761904761905,0.011476471808568992
2017-12,fashion_bags_accessories,10028.460000000001,124,31,4.066666666666666,0.013480668072232043
2017-12,fashion_male_clothing,450.89,4,3,3.75,0.0006061048682538202
2017-12,fashion_shoes,1099.0,12,4,4.384615384615385,0.0014773209656700045
2017-12,fashion_sport,59.9,1,1,5.0,8.052004171395202e-05
2017-12,fashion_underwear_beach,1173.1,13,3,4.230769230769231,0.0015769292309622221
2017-12,fixed_telephony,998.77,5,5,4.4,0.0013425876805115836
2017-12,flowers,82.7,2,2,5.0,0.00011116873872694212
2017-12,food,978.19,12,10,4.181818181818182,0.001314923198734069
2017-12,food_drink,1098.68,19,6,4.590909090909091,0.0014768908085189452
2017-12,furniture_bedroom,185.0,1,1,5.0,0.0002486846029562792
2017-12,furniture_decor,32011.75,315,84,3.8753246753246753,0.043031509938841465
2017-12,furniture_living_room,2316.01,16,7,4.1,0.0031132758232041745
2017-12,furniture_mattress_and_upholstery,803.7,8,3,4.5,0.0010803665697079006
2017-12,garden_tools,27689.69,245,38,3.871473354231975,0.03722161926287813
2017-12,health_beauty,61264.66,432,94,4.110151187904967,0.08235447376946725
2017-12,home_appliances,1331.0,16,5,4.1875,0.0017891849001881494
2017-12,home_appliances_2,1990.16,8,4,4.125,0.0026752548617268576
2017-12,home_confort,2257.8,14,4,3.7857142857142856,0.003035027548944255
2017-12,home_construction,6735.3,30,13,3.871794871794872,0.009053867061034742
2017-12,housewares,25921.95,249,83,3.863481228668942,0.03484535050595958
2017-12,industry_commerce_and_business,1828.5,9,5,3.7777777777777777,0.002457944845975981
2017-12,kitchen_dining_laundry_garden_furniture,4277.3,16,10,3.9,0.005749722444458882
2017-12,luggage_accessories,6248.21,45,14,4.319148936170213,0.008399100665067315
2017-12,market_place,703.25,13,11,4.230769230769231,0.0009453375515081263
2017-12,musical_instruments,10823.5,41,16,3.975,0.014549393514039395
2017-12,office_furniture,6964.36,39,6,3.3541666666666665,0.009361778926727527
2017-12,party_supplies,515.2,2,1,5.0,0.0006925530132058112
2017-12,perfumery,27864.43,233,37,4.1078838174273855,0.03745651195217857
2017-12,pet_shop,7227.2300000000005,71,27,4.205479452054795,0.009715139583911946
2017-12,signaling_and_security,770.0,2,2,5.0,0.0010350656447369458
2017-12,small_appliances,8913.77,28,16,3.7586206896551726,0.01198225596374915
2017-12,sports_leisure,59792.66,440,127,4.063265306122449,0.0803757508745935
2017-12,stationery,25731.0,231,37,3.992,0.034588667668475785
2017-12,tablets_printing_image,419.40000000000003,6,1,4.666666666666667,0.0005637747161073703
2017-12,telephony,13611.01,244,32,4.011363636363637,0.018296479014507816
2017-12,toys,57194.14,421,70,3.8952164009111616,0.07688271349905863
2017-12,unknown,16224.92,137,33,3.4405594405594404,0.02181020426052645
2017-12,watches_gifts,71727.62,346,30,4.016574585635359,0.09641921459837227
2018-01,agro_industry_and_commerce,5853.4400000000005,15,5,4.5,0.006161318886693264
2018-01,air_conditioning,4674.74,22,12,4.0,0.004920621694658263
2018-01,art,2540.77,19,5,3.473684210526316,0.002674409268352224
2018-01,audio,3820.28,25,10,4.115384615384615,0.004021218858732052
2018-01,auto,35995.02,244,74,4.06015037593985,0.03788828390705324
2018-01,baby,30058.47,212,56,3.769230769230769,0.03163948360555551
2018-01,bed_bath_table,76377.79000000001,699,65,3.8583333333333334,0.08039510442592593
2018-01,books_general_interest,2180.15,41,18,4.688888888888889,0.0022948213991813905
2018-01,books_imported,583.0,6,2,3.8333333333333335,0.0006136645990976541
2018-01,books_technical,1176.55,16,4,4.823529411764706,0.0012384341064637133
2018-01,christmas_supplies,851.5,9,4,3.9,0.0008962871460234176
2018-01,cine_photo,199.98,2,1,5.0,0.0002104985360678368
2018-01,computers,7450.0,12,1,3.9166666666666665,0.007841854653992321
2018-01,computers_accessories,83257.45,593,82,3.8373751783166905,0.08763662037074267
2018-01,consoles_games,8200.98,53,13,3.943396226415094,0.00863233465507355
2018-01,construction_tools_construction,9664.18,40,19,4.1063829787234045,0.010172495961076444
2018-01,construction_tools_lights,2392.99,6,4,4.142857142857143,0.00251885634475934
2018-01,construction_tools_safety,2228.89,9,6,3.727272727272727,0.0023461250227834823
2018-01,cool_stuff,39739.7,289,68,4.12751677852349,0.04182992636151122
2018-01,costruction_tools_garden,3927.98,21,6,4.416666666666667,0.0041345836568843965
2018-01,costruction_tools_tools,532.3,8,3,3.857142857142857,0.000560297883532901
2018-01,diapers_and_hygiene,125.0,1,1,1.0,0.00013157474251664967
2018-01,drinks,2307.61,40,6,3.980769230769231,0.002428985532630768
2018-01,dvds_blu_ray,49.8,2,1,5.0,5.241937741863323e-05
2018-01,electronics,15996.68,322,31,3.9255014326647566,0.016838072416969916
2018-01,fashio_female_clothing,161.79000000000002,3,2,5.0,0.00017029982073415003
2018-01,fashion_bags_accessories,7931.72,116,31,4.4471544715447155,0.008348912133713285
2018-01,fashion_male_clothing,550.6,5,3,4.0,0.0005795604258373385
2018-01,fashion_shoes,666.7,7,4,4.222222222222222,0.0007017670466868028
2018-01,fashion_sport,119.8,2,1,4.0,0.00012610123322795704
2018-01,fashion_underwear_beach,754.5,8,2,4.375,0.0007941851458304975
2018-01,fixed_telephony,2444.1,10,7,4.1,0.0025726546254795477
2018-01,flowers,284.6,7,2,4.25,0.000299569373761908
2018-01,food,868.41,19,8,3.6,0.0009140865771910699
2018-01,food_drink,341.17,10,6,4.2727272727272725,0.000359114839235243
2018-01,furniture_bedroom,914.8,5,1,3.6,0.000962916595633849
2018-01,furniture_decor,55438.18,478,95,3.9054726368159205,0.05835411407273342
2018-01,furniture_living_room,2308.1,22,8,4.409090909090909,0.002429501305621433
2018-01,furniture_mattress_and_upholstery,860.5,9,3,4.333333333333333,0.0009057605274846165
2018-01,garden_tools,27037.94,205,35,4.02510460251046,0.028460079949444984
2018-01,health_beauty,72470.49,572,120,4.081861958266453,0.07628228849444349
2018-01,home_appliances,1795.05,27,6,4.178571428571429,0.0018894659324360961
2018-01,home_appliances_2,8630.1,12,6,4.384615384615385,0.009084025483143507
2018-01,home_confort,3020.16,18,5,4.111111111111111,0.0031790141948726774
2018-01,home_construction,5827.58,28,15,3.5714285714285716,0.006134098703961419
2018-01,housewares,38078.31,322,103,4.002801120448179,0.04008115066975333
2018-01,industry_commerce_and_business,3662.0,16,6,4.0,0.003854613656767769
2018-01,kitchen_dining_laundry_garden_furniture,4838.5,20,9,4.476190476190476,0.005092995133334476
2018-01,la_cuisine,112.0,1,1,5.0,0.00011789096929491812
2018-01,luggage_accessories,18738.22,123,23,4.1328125,0.019723811773762683
2018-01,market_place,818.72,12,7,4.214285714285714,0.0008617829855458515
2018-01,music,24.97,1,1,5.0,2.628337056512594e-05
2018-01,musical_instruments,15405.58,51,17,4.169811320754717,0.016215881774557184
2018-01,office_furniture,20113.41,106,8,3.167832167832168,0.021171333935054455
2018-01,party_supplies,135.8,2,1,3.5,0.00014294280027008822
2018-01,perfumery,20036.89,213,40,4.008771929824562,0.021090789140675463
2018-01,pet_shop,10885.96,77,30,4.056818181818182,0.011458539072372381
2018-01,signaling_and_security,1048.79,7,5,3.625,0.001103954193632296
2018-01,small_appliances,15450.76,52,19,4.363636363636363,0.016263438149492403
2018-01,small_appliances_home_oven_and_coffee,369.99,1,1,5.0,0.00038945071186988173
2018-01,sports_leisure,91574.33,586,149,3.8668730650154797,0.09639095112707767
2018-01,stationery,41023.91,379,41,4.202564102564103,0.04318168316220968
2018-01,tablets_printing_image,161.8,3,1,4.333333333333333,0.00017031034671355136
2018-01,telephony,14879.96,347,40,3.875,0.015662615245264373
2018-01,toys,21948.23,158,57,4.049079754601227,0.023102661687569647
2018-01,unknown,22489.45,184,39,3.4563106796116503,0.02367234874472854
2018-01,watches_gifts,75621.24,337,32,3.9234972677595628,0.07959876145431816
2018-02,agro_industry_and_commerce,7404.8,21,5,4.185185185185185,0.008771602401581534
2018-02,air_conditioning,2626.89,11,7,4.333333333333333,0.003111770018459717
2018-02,art,1251.71,12,4,3.6923076923076925,0.0014827547593565824
2018-02,audio,2828.49,15,6,3.2666666666666666,0.003350582011242619
2018-02,auto,41706.89,303,74,3.9006309148264986,0.04940528528609778
2018-02,baby,25985.82,169,52,3.718390804597701,0.03078236834473118
2018-02,bed_bath_table,60690.880000000005,593,64,3.554093567251462,0.0718934027606548
2018-02,books_general_interest,1912.65,29,13,4.379310344827586,0.0022656932440288623
2018-02,books_imported,325.0,3,2,4.333333333333333,0.00038498957169862764
2018-02,books_technical,1411.21,23,9,3.8076923076923075,0.0016716957953132935
2018-02,christmas_supplies,2059.65,17,5,3.5555555555555554,0.0024398269887663956
2018-02,cine_photo,227.99,2,2,5.0,0.0002700731460048312
2018-02,computers_accessories,100855.23,801,82,3.46,0.1194714209269741
2018-02,consoles_games,11978.73,51,16,3.5961538461538463,0.014189803483672315
2018-02,construction_tools_construction,9003.97,54,18,3.7971014492753623,0.01066595247349936
2018-02,construction_tools_lights,1610.8,9,8,3.8823529411764706,0.0019081267756681521
2018-02,construction_tools_safety,5965.75,7,6,4.5,0.007066927807264886
2018-02,cool_stuff,31002.21,182,51,3.8251366120218577,0.036724700152648955
2018-02,costruction_tools_garden,1538.25,14,5,4.35,0.0018221852574320432
2018-02,costruction_tools_tools,1318.2,11,3,4.4,0.001561517702809634
2018-02,diapers_and_hygiene,100.0,1,1,3.0,0.0001184583297534239
2018-02,drinks,1967.44,27,5,4.15625,0.002330596562900763
2018-02,dvds_blu_ray,24.9,1,1,5.0,2.949612410860255e-05
2018-02,electronics,14780.6,301,36,3.857142857142857,0.017508851887534573
2018-02,fashio_female_clothing,29.99,1,1,4.0,3.552565309305182e-05
2018-02,fashion_bags_accessories,9786.63,102,26,4.102803738317757,0.011593078437147509
2018-02,fashion_male_clothing,388.09,3,2,3.0,0.0004597249319400628
2018-02,fashion_shoes,1033.7,10,4,3.909090909090909,0.0012245037546611429
2018-02,fashion_underwear_beach,399.3,7,2,2.8333333333333335,0.0004730041107054216
2018-02,fixed_telephony,6138.67,10,8,2.6666666666666665,0.007271765951074507
2018-02,flowers,134.48000000000002,4,2,4.75,0.0001593027618524045
2018-02,food,1933.42,31,8,3.6666666666666665,0.0022902970391186486
2018-02,food_drink,1059.1,21,7,4.166666666666667,0.0012545921704185123
2018-02,furniture_bedroom,1094.8,7,3,4.375,0.0012968817941404849
2018-02,furniture_decor,38646.520000000004,342,84,3.544811320754717,0.045780022099822924
2018-02,furniture_living_room,4402.78,19,11,3.0,0.005215459650717796
2018-02,furniture_mattress_and_upholstery,389.4,6,2,2.6666666666666665,0.00046127673605983265
2018-02,garden_tools,26838.03,232,41,3.641891891891892,0.03179188207672283
2018-02,health_beauty,86996.06,607,130,3.9848024316109423,0.10305407962728651
2018-02,home_appliances,5583.74,48,10,4.2312925170068025,0.006614405141773832
2018-02,home_appliances_2,8998.83,21,10,3.9047619047619047,0.010659863715350036
2018-02,home_comfort_2,38.7,2,1,1.3333333333333333,4.584337361457505e-05
2018-02,home_confort,3012.76,20,3,3.857142857142857,0.003568865175479254
2018-02,home_construction,5303.9,32,16,3.8684210526315788,0.0062829113517918495
2018-02,housewares,35448.56,342,100,3.8724747474747474,0.04199177209764032
2018-02,industry_commerce_and_business,4735.59,29,10,4.057142857142857,0.005609700817970167
2018-02,kitchen_dining_laundry_garden_furniture,4750.16,17,10,4.1,0.005626960196615241
2018-02,luggage_accessories,6604.35,45,18,3.5,0.007823402701070252
2018-02,market_place,1920.92,20,9,3.8214285714285716,0.0022754897478994706
2018-02,music,244.97,2,2,4.0,0.0002901873703969625
2018-02,musical_instruments,9015.73,39,18,3.9545454545454546,0.010679883173078364
2018-02,office_furniture,17774.78,72,10,3.037037037037037,0.02105570750534564
2018-02,pc_gamer,129.99,1,1,1.0,0.00015398398284647573
2018-02,perfumery,20632.7,198,40,4.170560747663552,0.024441151803034692
2018-02,pet_shop,9595.03,89,34,3.98019801980198,0.011366112277339949
2018-02,signaling_and_security,715.79,10,5,3.6666666666666665,0.0008479128785420329
2018-02,small_appliances,5245.16,30,15,3.96875,0.006213328928894688
2018-02,small_appliances_home_oven_and_coffee,3024.9,5,2,3.6,0.0035832460167113194
2018-02,sports_leisure,75863.95,585,123,3.7619414483821263,0.08986716805497262
2018-02,stationery,11889.1,144,44,3.7025316455696204,0.014083629282714321
2018-02,tablets_printing_image,694.97,12,1,3.5384615384615383,0.0008232498542873701
2018-02,telephony,14105.24,333,37,3.7724719101123596,0.01670883171171185
2018-02,toys,14778.93,137,64,3.803448275862069,0.01750687363342769
2018-02,unknown,12758.75,110,35,3.9583333333333335,0.015113802147414972
2018-02,watches_gifts,63462.18,317,31,3.5988023952095807,0.07517623845311143
2018-03,agro_industry_and_commerce,6019.0,25,4,4.071428571428571,0.006121763347742684
2018-03,air_conditioning,2667.58,24,11,3.6,0.0027131240191346447
2018-03,art,461.5,7,6,3.5714285714285716,0.0004693792631638559
2018-03,audio,10606.69,33,6,2.9411764705882355,0.010787779711392066
2018-03,auto,44753.24,325,87,3.809941520467836,0.0455173192099571
2018-03,baby,41985.74,217,61,3.5923423423423424,0.04270256924071339
2018-03,bed_bath_table,69256.39,670,68,3.5959339263024144,0.0704388154010588
2018-03,books_general_interest,1711.93,34,16,4.410256410256411,0.001741158054145395
2018-03,books_imported,259.0,2,1,5.0,0.00026342194834114553
2018-03,books_technical,913.47,17,5,4.176470588235294,0.0009290658191165492
2018-03,christmas_supplies,854.95,12,4,3.0,0.0008695466978156849
2018-03,cine_photo,711.79,6,2,2.2857142857142856,0.0007239425042847258
2018-03,computers_accessories,85673.53,638,87,3.8300132802124836,0.08713624785275514
2018-03,consoles_games,11858.720000000001,54,17,3.6666666666666665,0.012061185819428995
2018-03,construction_tools_construction,10549.38,52,23,3.357142857142857,0.01072949124861434
2018-03,construction_tools_lights,2536.7,12,5,3.230769230769231,0.0025800094840037987
2018-03,construction_tools_safety,5374.87,13,7,4.181818181818182,0.005466636013437733
2018-03,cool_stuff,38353.22,242,59,3.8515625,0.03900803064693664
2018-03,costruction_tools_garden,2497.23,20,8,4.086956521739131,0.0025398656063936637
2018-03,costruction_tools_tools,931.3,8,4,4.222222222222222,0.0009472002335525438
2018-03,diapers_and_hygiene,163.0,2,1,2.6666666666666665,0.00016578292501778658
2018-03,drinks,962.7,20,6,3.9523809523809526,0.0009791363307645592
2018-03,dvds_blu_ray,49.8,2,1,5.0,5.0650243348992464e-05
2018-03,electronics,12554.8,244,31,3.7586206896551726,0.012769150104376115
2018-03,fashio_female_clothing,119.96,1,1,4.0,0.00012200809622781397
2018-03,fashion_bags_accessories,10261.58,131,30,3.8731884057971016,0.010436777593276186
2018-03,fashion_childrens_clothes,79.98,2,1,5.0,8.134551130627345e-05
2018-03,fashion_shoes,1252.8,12,3,3.25,0.0012741892543698344
2018-03,fashion_sport,89.9,1,1,5.0,9.143487704968721e-05
2018-03,fashion_underwear_beach,289.4,5,2,3.0,0.00029434097239354256
2018-03,fixed_telephony,1930.5900000000001,12,9,3.5714285714285716,0.0019635512712275374
2018-03,flowers,89.67,3,1,5.0,9.120095022297499e-05
2018-03,food,1559.8999999999999,33,6,3.7714285714285714,0.0015865324216886214
2018-03,food_drink,2350.77,17,10,4.473684210526316,0.0023909050714359644
2018-03,furniture_bedroom,1071.8,6,4,4.166666666666667,0.001090099012478918
2018-03,furniture_decor,52244.04,442,87,3.466949152542373,0.05313601083402603
2018-03,furniture_living_room,3521.87,19,7,3.526315789473684,0.0035819994486649817
2018-03,furniture_mattress_and_upholstery,440.0,4,1,3.75,0.00044751219023206194
2018-03,garden_tools,27612.25,205,48,3.7934362934362933,0.02808367835167103
2018-03,health_beauty,90034.41,621,126,3.7022556390977446,0.0915715818530715
2018-03,home_appliances,9876.59,70,7,3.9565217391304346,0.01004521459755473
2018-03,home_appliances_2,5648.2,12,10,4.083333333333333,0.00574463262015621
2018-03,home_comfort_2,34.99,1,1,5.0,3.558738985504511e-05
2018-03,home_confort,2522.38,21,4,3.3333333333333335,0.0025654449963580647
2018-03,home_construction,5639.51,34,12,3.659090909090909,0.0057357942543991266
2018-03,housewares,37514.44,338,112,3.7160493827160495,0.03815493002211199
2018-03,industry_commerce_and_business,2922.45,26,7,3.75,0.0029723454553265668
2018-03,kitchen_dining_laundry_garden_furniture,2842.66,12,7,3.9166666666666665,0.0028911931879206207
2018-03,la_cuisine,389.0,1,1,4.0,0.0003956414590915275
2018-03,luggage_accessories,5911.77,52,16,4.25,0.006012702592836812
2018-03,market_place,1548.74,16,9,3.3529411764705883,0.001575181885227281
2018-03,music,323.97,2,2,3.0,0.000329501191521548
2018-03,musical_instruments,10822.2,51,21,4.109090909090909,0.011006969148021411
2018-03,office_furniture,31301.62,151,11,3.272277227722772,0.03183603755457208
2018-03,party_supplies,913.9,5,3,3.5,0.000929503160575185
2018-03,perfumery,20473.25,186,40,3.8308457711442787,0.020822793065155824
2018-03,pet_shop,13643.69,110,32,3.6693548387096775,0.013876630897152912
2018-03,signaling_and_security,921.9,7,7,3.888888888888889,0.0009376397458521316
2018-03,small_appliances,14260.15,36,17,3.861111111111111,0.014503615817131223
2018-03,small_appliances_home_oven_and_coffee,7890.9,7,4,4.857142857142857,0.00802562259523222
2018-03,sports_leisure,85292.17,672,150,3.683930942895086,0.0867483768326031
2018-03,stationery,13152.74,146,41,3.7560975609756095,0.013377298829438297
2018-03,tablets_printing_image,259.29,2,2,4.666666666666667,0.0002637168995574349
2018-03,telephony,25804.89,329,43,3.5395894428152492,0.026245461005903255
2018-03,toys,23407.4,222,60,3.630901287553648,0.023807038276449925
2018-03,unknown,17378.11,127,29,3.873134328358209,0.01767480924589477
2018-03,watches_gifts,97861.08,416,35,3.664285714285714,0.09953187783926144
2018-04,agro_industry_and_commerce,4500.7,12,5,4.0,0.0045158382186685315
2018-04,air_conditioning,3261.79,22,11,4.571428571428571,0.003272761113442538
2018-04,art,2140.2799999999997,26,9,4.5,0.002147478886095915
2018-04,arts_and_craftmanship,15.99,1,1,4.0,1.6043782770793393e-05
2018-04,audio,7045.07,30,7,4.096774193548387,0.007068766271734421
2018-04,auto,49629.19,336,99,4.101123595505618,0.04979611904005202
2018-04,baby,49821.840000000004,222,64,3.9670781893004117,0.04998941702321608
2018-04,bed_bath_table,72357.25,608,79,3.946185286103542,0.07260062544665355
2018-04,books_general_interest,6295.51,43,12,4.44,0.006316685107652127
2018-04,books_imported,317.99,4,2,4.75,0.00031905956743493374
2018-04,books_technical,1172.1,23,9,4.478260869565218,0.001176042388095493
2018-04,cds_dvds_musicals,65.0,1,1,5.0,6.521862914956663e-05
2018-04,christmas_supplies,275.15,9,3,4.5,0.00027607547400774243
2018-04,cine_photo,521.74,5,3,4.4,0.0005234948857306907
2018-04,computers,13774.92,13,3,4.066666666666666,0.013821252292999207
2018-04,computers_accessories,59651.2,481,82,3.9554730983302413,0.05985183832502506
2018-04,consoles_games,7239.400000000001,43,16,3.74468085106383,0.007263749905621119
2018-04,construction_tools_construction,13293.83,78,36,4.0989010989010985,0.01333854413457513
2018-04,construction_tools_lights,4962.67,37,9,3.5853658536585367,0.004979362066487383
2018-04,construction_tools_safety,2887.26,23,10,4.0,0.002896971372282735
2018-04,cool_stuff,35202.4,195,52,4.159203980099503,0.035320804165764684
2018-04,costruction_tools_garden,1326.79,12,7,4.333333333333333,0.001331252691836208
2018-04,costruction_tools_tools,1332.99,16,7,4.352941176470588,0.0013374735456935512
2018-04,diapers_and_hygiene,149.0,4,3,4.25,0.0001495011652813143
2018-04,drinks,5016.4400000000005,29,10,4.074074074074074,0.005033312923246955
2018-04,dvds_blu_ray,92.5,4,2,4.4,9.281112609746021e-05
2018-04,electronics,11022.43,203,32,4.075117370892019,0.011059504223031659
2018-04,fashio_female_clothing,174.95000000000002,1,1,4.0,0.00017553844876487206
2018-04,fashion_bags_accessories,9030.85,96,34,4.295238095238095,0.009061225493159445
2018-04,fashion_male_clothing,195.0,1,1,,0.0001956558874486999
2018-04,fashion_shoes,1438.7,11,4,4.0,0.001443539103961254
2018-04,fashion_sport,89.9,1,1,5.0,9.020238093147755e-05
2018-04,fashion_underwear_beach,359.4,6,2,4.166666666666667,0.0003606088510208346
2018-04,fixed_telephony,1921.94,10,6,3.1818181818181817,0.0019284044939648938
2018-04,flowers,158.4,3,2,3.3333333333333335,0.00015893278241986702
2018-04,food,1665.43,36,8,4.461538461538462,0.0016710317160701963
2018-04,food_drink,605.0699999999999,16,9,4.5,0.000607105168300435
2018-04,furniture_bedroom,1470.9,7,4,4.0,0.0014758474094784242
2018-04,furniture_decor,56793.01,466,94,3.959527824620573,0.05698403473042507
2018-04,furniture_living_room,5133.7300000000005,25,16,2.8823529411764706,0.005150997431138535
2018-04,garden_tools,35037.64,238,56,4.13588850174216,0.03515548999132341
2018-04,health_beauty,91751.04,626,141,4.140988372093023,0.09205964695149314
2018-04,home_appliances,15124.25,106,15,4.117924528301887,0.015175120798697433
2018-04,home_appliances_2,20741.69,23,11,4.478260869565218,0.020811455200696535
2018-04,home_comfort_2,12.9,1,1,1.0,1.2943389477375533e-05
2018-04,home_confort,1939.4,15,4,3.611111111111111,0.0019459232211179928
2018-04,home_construction,9318.5,59,21,3.8157894736842106,0.009349843011234411
2018-04,housewares,45405.96,420,135,4.072340425531915,0.0455586840987701
2018-04,industry_commerce_and_business,5690.61,48,8,4.283018867924528,0.005709750511151006
2018-04,kitchen_dining_laundry_garden_furniture,3165.47,19,11,4.157894736842105,0.0031761171386781336
2018-04,la_cuisine,280.0,1,1,1.0,0.0002809417871058255
2018-04,luggage_accessories,8680.48,53,18,4.43859649122807,0.008709677014772772
2018-04,market_place,627.23,15,7,4.6,0.0006293397040228105
2018-04,music,1696.8600000000001,5,5,4.0,0.0017025674316728254
2018-04,musical_instruments,19375.31,57,21,4.366666666666666,0.019440479346890617
2018-04,office_furniture,20194.72,88,7,3.602272727272727,0.02026264545322056
2018-04,party_supplies,43.8,1,1,1.0,4.394732241155413e-05
2018-04,perfumery,17790.31,160,53,4.2057142857142855,0.01785014815916657
2018-04,pet_shop,18778.3,153,44,4.124260355029586,0.018841461288604724
2018-04,signaling_and_security,2222.3,22,14,4.166666666666667,0.0022297747624474146
2018-04,small_appliances,12211.41,61,26,4.358208955223881,0.012252483387435531
2018-04,small_appliances_home_oven_and_coffee,13980.98,15,4,4.066666666666666,0.014028005381038586
2018-04,sports_leisure,67528.08,532,149,4.190635451505017,0.06775521241080412
2018-04,stationery,11701.35,131,47,4.177631578947368,0.011740707787681255
2018-04,tablets_printing_image,52.0,1,1,5.0,5.217490331965331e-05
2018-04,telephony,16636.84,250,46,3.858156028368794,0.016692798433548865
2018-04,toys,23352.38,196,68,4.251231527093596,0.023430926322765493
2018-04,unknown,8240.66,74,27,4.105263157894737,0.008268377669041043
2018-04,watches_gifts,92658.57,473,39,4.205588822355289,0.0929702294516794
2018-05,agro_industry_and_commerce,3279.75,8,5,4.5,0.003291211050063858
2018-05,air_conditioning,2051.2,14,6,4.066666666666666,0.0020583678956905206
2018-05,art,2691.86,35,7,3.8333333333333335,0.002701266674967573
2018-05,arts_and_craftmanship,89.8,1,1,4.0,9.0113805105796e-05
2018-05,audio,2697.68,20,5,3.761904761904762,0.0027071070128931378
2018-05,auto,40928.14,298,104,4.141479099678457,0.04107116293210172
2018-05,baby,34003.6,224,77,4.127572016460905,0.03412242520373547
2018-05,bed_bath_table,71702.77,606,76,3.9782608695652173,0.07195333453592113
2018-05,books_general_interest,6019.03,51,19,4.339622641509434,0.0060400634336964295
2018-05,books_imported,410.92,9,2,4.9,0.0004123559553905757
2018-05,books_technical,3055.48,55,7,4.345454545454546,0.0030661573410318216
2018-05,christmas_supplies,524.53,6,4,5.0,0.0005263629642777637
2018-05,cine_photo,2277.29,17,7,4.555555555555555,0.0022852479646924074
2018-05,computers,9429.92,7,1,4.5,0.009462872751038395
2018-05,computers_accessories,51515.73,409,78,3.963203463203463,0.05169575114813819
2018-05,consoles_games,5664.07,40,20,3.6481481481481484,0.005683863029906303
2018-05,construction_tools_construction,20748.6,89,38,4.112,0.020821105752985736
2018-05,construction_tools_lights,5477.81,32,6,4.2631578947368425,0.005496952146398447
2018-05,construction_tools_safety,7298.51,25,7,3.2758620689655173,0.007324014562390905
2018-05,cool_stuff,30039.11,169,44,4.131428571428572,0.030144081337322583
2018-05,costruction_tools_garden,1073.28,13,8,4.25,0.0010770305650773802
2018-05,costruction_tools_tools,417.9,5,2,4.8,0.0004193603469232979
2018-05,diapers_and_hygiene,117.0,3,2,4.666666666666667,0.00011740885520465628
2018-05,drinks,2790.98,34,9,4.020833333333333,0.0028007330487101845
2018-05,dvds_blu_ray,439.94,6,3,3.5714285714285716,0.00044147736545928617
2018-05,electronics,16989.29,223,37,4.310344827586207,0.017048658885811238
2018-05,fashion_bags_accessories,11519.16,105,28,4.5675675675675675,0.011559413577087764
2018-05,fashion_male_clothing,129.99,1,1,5.0,0.00013044424861583992
2018-05,fashion_shoes,1582.7,10,3,4.5,0.0015882307276274316
2018-05,fashion_underwear_beach,207.39999999999998,5,2,4.5,0.00020812475700380948
2018-05,fixed_telephony,1946.1,12,6,3.2941176470588234,0.001952900624904116
2018-05,flowers,16.4,1,1,3.0,1.645730961843045e-05
2018-05,food,1542.9299999999998,36,6,4.4772727272727275,0.0015483217518027375
2018-05,food_drink,1239.44,15,10,4.68,0.0012437712093577708
2018-05,furniture_bedroom,1484.98,5,4,4.166666666666667,0.0014901692461693203
2018-05,furniture_decor,54260.98,462,87,4.024875621890548,0.054450594393869664
2018-05,furniture_living_room,2721.08,13,9,4.0,0.002730588783934069
2018-05,garden_tools,37863.18,230,59,4.278947368421052,0.03799549246331485
2018-05,health_beauty,96460.36,686,147,4.237288135593221,0.09679743966007708
2018-05,home_appliances,6149.67,63,14,4.0703125,0.006171159953730073
2018-05,home_appliances_2,14441.24,23,11,4.260869565217392,0.0144917047532965
2018-05,home_confort,2776.6,19,3,3.3181818181818183,0.0027863027979593896
2018-05,home_construction,10155.28,63,21,3.871794871794872,0.010190767513527708
2018-05,housewares,63003.57,493,138,4.153344208809135,0.0632237352778327
2018-05,industry_commerce_and_business,3890.99,35,6,4.024390243902439,0.003904587021476628
2018-05,kitchen_dining_laundry_garden_furniture,2310.09,10,6,3.6153846153846154,0.0023181625839292686
2018-05,luggage_accessories,6618.46,44,18,4.244897959183674,0.006641588135194952
2018-05,market_place,957.45,13,8,3.4285714285714284,0.0009607957984247705
2018-05,music,729.0,5,3,3.8,0.0007315474824290121
2018-05,musical_instruments,18757.07,59,20,4.311475409836065,0.01882261637344959
2018-05,office_furniture,21005.86,83,11,3.8857142857142857,0.02107926474520753
2018-05,party_supplies,100.69999999999999,3,3,3.0,0.00010105189503511868
2018-05,perfumery,24757.7,180,59,4.232323232323233,0.024844215508549733
2018-05,pet_shop,11708.460000000001,127,33,4.237037037037037,0.011749375083841966
2018-05,portateis_cozinha_e_preparadores_de_alimentos,1958.0,2,1,5.0,0.0019648422093223672
2018-05,signaling_and_security,683.5,6,5,4.0,0.000685888483182757
2018-05,small_appliances,10620.99,39,23,3.9583333333333335,0.010658104931966686
2018-05,small_appliances_home_oven_and_coffee,10161.6,9,3,4.222222222222222,0.010197109598697737
2018-05,sports_leisure,59664.11,452,153,4.3061224489795915,0.05987260557183491
2018-05,stationery,12923.39,124,48,4.387596899224806,0.012968550643276093
2018-05,tablets_printing_image,49.9,1,1,5.0,5.007437499754144e-05
2018-05,telephony,21608.26,243,42,4.243137254901961,0.021683769825338168
2018-05,toys,31767.3,214,68,4.32579185520362,0.031878310478144246
2018-05,unknown,3136.94,38,25,3.7142857142857144,0.0031479020020999528
2018-05,watches_gifts,123872.66,596,40,3.989763779527559,0.1243055316389369
2018-06,agro_industry_and_commerce,3515.8,10,7,4.2,0.0040639246399167776
2018-06,air_conditioning,3567.9,9,7,2.7333333333333334,0.004124147199146445
2018-06,art,2500.14,28,9,4.285714285714286,0.002889919946880235
2018-06,audio,1830.69,19,5,4.222222222222222,0.0021161005173926974
2018-06,auto,45407.49,272,107,4.110367892976589,0.05248666518225572
2018-06,baby,30755.12,207,67,4.188340807174888,0.03554994310586417
2018-06,bed_bath_table,71565.48,657,88,3.9410222804718216,0.08272277078885923
2018-06,books_general_interest,3345.39,33,12,4.657894736842105,0.003866947167396094
2018-06,books_imported,468.17,9,2,5.0,0.000541159223695841
2018-06,books_technical,1747.4299999999998,26,7,4.615384615384615,0.0020198600129500465
2018-06,christmas_supplies,306.19,6,4,4.571428571428571,0.0003539260155572325
2018-06,cine_photo,435.85,9,7,4.3076923076923075,0.0005038004307149802
2018-06,computers,13127.0,8,2,4.6923076923076925,0.01517354193873017
2018-06,computers_accessories,42326.45,358,77,4.117647058823529,0.048925281038513416
2018-06,consoles_games,6903.01,41,14,4.4186046511627906,0.007979211681151349
2018-06,construction_tools_construction,22947.72,108,44,4.212389380530974,0.026525344086100185
2018-06,construction_tools_lights,4583.41,35,5,4.090909090909091,0.00529797850669576
2018-06,construction_tools_safety,2565.37,16,6,4.125,0.002965319515758377
2018-06,cool_stuff,19316.37,100,42,4.281553398058253,0.02232785482585734
2018-06,costruction_tools_garden,799.44,11,3,4.454545454545454,0.000924075292717182
2018-06,costruction_tools_tools,527.0,4,2,5.0,0.0006091610117856936
2018-06,diapers_and_hygiene,321.0,7,3,4.142857142857143,0.00037104494266263307
2018-06,drinks,1567.07,30,6,4.0,0.00181138130311007
2018-06,dvds_blu_ray,382.88,5,4,4.666666666666667,0.0004425722356594049
2018-06,electronics,9664.57,174,38,4.424083769633508,0.011171307855168237
2018-06,fashion_bags_accessories,7869.95,82,25,4.482758620689655,0.009096900767937038
2018-06,fashion_childrens_clothes,89.99,1,1,5.0,0.00010401973330283598
2018-06,fashion_male_clothing,447.8,6,4,4.857142857142857,0.000517613474530614
2018-06,fashion_shoes,1230.58,10,3,4.6,0.0014224314191332804
2018-06,fashion_underwear_beach,129.3,3,2,4.571428571428571,0.00014945828998840643
2018-06,fixed_telephony,2080.32,15,9,4.235294117647059,0.0024046486452334237
2018-06,flowers,108.0,1,1,5.0,0.00012483755080238123
2018-06,food,1371.18,24,10,4.041666666666667,0.0015849514158260102
2018-06,food_drink,293.85,9,4,3.3636363636363638,0.0003396621694748123
2018-06,furniture_bedroom,1559.99,8,5,3.888888888888889,0.001803197508113025
2018-06,furniture_decor,42190.22,318,91,4.037128712871287,0.04876781233901519
2018-06,furniture_living_room,3541.62,27,11,4.413793103448276,0.0040937700617845315
2018-06,garden_tools,18018.71,149,45,4.254054054054054,0.020827885416836802
2018-06,health_beauty,107908.81999999999,799,171,4.364772727272728,0.12473215554421306
2018-06,home_appliances,5916.37,67,16,4.313432835820896,0.006838751300376706
2018-06,home_appliances_2,8312.72,18,11,4.684210526315789,0.009608700049129356
2018-06,home_comfort_2,25.8,1,1,1.0,2.9822303802791074e-05
2018-06,home_confort,2386.4900000000002,16,4,4.3125,0.0027585515427256927
2018-06,home_construction,9094.59,60,13,4.380281690140845,0.010512466121776188
2018-06,housewares,56825.45,470,163,3.9379310344827587,0.06568472223373309
2018-06,industry_commerce_and_business,2609.9,21,5,4.346153846153846,0.003016791887399396
2018-06,kitchen_dining_laundry_garden_furniture,3667.4300000000003,22,12,2.933333333333333,0.0042391942494368244
2018-06,luggage_accessories,5070.88,36,16,4.472222222222222,0.005861446663081286
2018-06,market_place,556.46,7,5,3.857142857142857,0.0006432139214767877
2018-06,music,109.08,3,2,4.333333333333333,0.00012608592631040505
2018-06,musical_instruments,16177.92,46,18,4.456521739130435,0.018700110276637587
2018-06,office_furniture,12725.58,60,9,3.6623376623376624,0.01470953925684969
2018-06,party_supplies,84.80000000000001,2,2,5.0,9.802059544483268e-05
2018-06,perfumery,27335.86,169,49,4.319148936170213,0.03159760936552575
2018-06,pet_shop,19491.78,151,52,4.382022471910112,0.02253061181461887
2018-06,signaling_and_security,5863.18,18,14,3.962962962962963,0.006777268806606534
2018-06,small_appliances,16022.7,44,24,3.8979591836734695,0.01852069097445661
2018-06,small_appliances_home_oven_and_coffee,3499.0,3,2,5.0,0.004044505465347518
2018-06,sports_leisure,45851.01,377,140,4.334916864608076,0.05299933139088417
2018-06,stationery,12859.08,145,49,4.413173652694611,0.014863852340480412
2018-06,tablets_printing_image,50.0,1,1,4.0,5.779516240850983e-05
2018-06,telephony,22776.82,205,37,4.1422018348623855,0.026327800220987897
2018-06,toys,21221.45,177,77,4.431578947368421,0.024529942985881417
2018-06,unknown,2387.13,22,13,4.0,0.0027592913208045215
2018-06,watches_gifts,86885.56,448,35,4.189979123173278,0.1004313010230865
2018-07,agro_industry_and_commerce,7756.6900000000005,29,17,3.966666666666667,0.008661783877074716
2018-07,air_conditioning,2657.86,15,9,4.117647058823529,0.00296799393755865
2018-07,art,1843.1999999999998,21,4,3.8095238095238093,0.0020582748623735273
2018-07,arts_and_craftmanship,654.57,10,6,3.6363636363636362,0.0007309488805684895
2018-07,audio,2062.64,21,6,4.409090909090909,0.002303320346205584
2018-07,auto,43830.29,327,114,4.395348837209302,0.04894465284154828
2018-07,baby,22185.96,210,80,4.277272727272727,0.02477474162631542
2018-07,bed_bath_table,55082.82,518,89,4.215780998389694,0.06151019083910904
2018-07,books_general_interest,4077.45,25,13,4.44,0.004553229621085579
2018-07,books_imported,402.78,6,2,3.5,0.00044977861820030883
2018-07,books_technical,2106.81,28,5,4.038461538461538,0.0023526443483057567
2018-07,christmas_supplies,509.56,8,5,4.375,0.0005690183045090357
2018-07,cine_photo,1178.54,7,6,4.428571428571429,0.0013160586242956256
2018-07,computers,11239.0,8,3,4.285714285714286,0.012550429241653685
2018-07,computers_accessories,41902.79,389,80,4.23943661971831,0.0467922413847205
2018-07,consoles_games,8519.11,49,15,4.229166666666667,0.009513167297523297
2018-07,construction_tools_construction,15237.47,98,49,4.324561403508772,0.01701546303557441
2018-07,construction_tools_lights,7249.61,40,19,4.7272727272727275,0.008095534952805853
2018-07,construction_tools_safety,1888.95,15,10,4.266666666666667,0.0021093632276912295
2018-07,cool_stuff,30551.61,118,44,4.2190082644628095,0.03411654235462222
2018-07,costruction_tools_garden,1956.47,20,10,3.72,0.002184761838101093
2018-07,costruction_tools_tools,5501.2,10,8,4.833333333333333,0.006143110716628281
2018-07,diapers_and_hygiene,149.8,4,2,3.25,0.0001672794999910777
2018-07,drinks,1335.17,17,10,4.823529411764706,0.0014909650868029853
2018-07,dvds_blu_ray,83.99,1,1,2.0,9.379042192423642e-05
2018-07,electronics,11150.75,145,44,4.114649681528663,0.012451881739155604
2018-07,fashion_bags_accessories,6161.87,76,28,4.558441558441558,0.006880871379239131
2018-07,fashion_male_clothing,208.7,5,4,5.0,0.00023305228069517964
2018-07,fashion_shoes,820.19,5,2,4.8,0.0009158943464464755
2018-07,fashion_underwear_beach,109.8,2,1,3.0,0.0001226120767624855
2018-07,fixed_telephony,9319.39,8,6,3.272727272727273,0.01040682843405774
2018-07,flowers,47.989999999999995,2,2,5.0,5.3589741018503453e-05
2018-07,food,3378.17,59,19,4.290322580645161,0.0037723537282033305
2018-07,food_drink,813.73,15,9,4.388888888888889,0.0009086805575950577
2018-07,furniture_bedroom,1386.9,7,5,3.7,0.0015487312318933622
2018-07,furniture_decor,45715.49,347,107,4.3341013824884795,0.05104982849831183
2018-07,furniture_living_room,6779.63,50,15,4.181818181818182,0.0075707150635815085
2018-07,furniture_mattress_and_upholstery,129.9,1,1,3.0,0.00014505745693485308
2018-07,garden_tools,26173.78,154,56,4.258426966292135,0.02922788271880153
2018-07,health_beauty,105813.03,713,171,4.2141935483870965,0.11815988485274301
2018-07,home_appliances,5290.63,79,8,4.402597402597403,0.005907970233897165
2018-07,home_appliances_2,12597.32,22,14,4.130434782608695,0.01406724559965022
2018-07,home_comfort_2,38.7,2,1,3.3333333333333335,4.321573197366293e-05
2018-07,home_confort,2984.38,24,6,4.208333333333333,0.003332614113373648
2018-07,home_construction,6780.15,58,14,4.295081967213115,0.00757129574008348
2018-07,housewares,63409.14,474,165,4.13986013986014,0.07080807232352633
2018-07,industry_commerce_and_business,4697.21,13,7,4.0,0.005245306676589386
2018-07,kitchen_dining_laundry_garden_furniture,3875.95,21,13,4.695652173913044,0.004328217476571546
2018-07,luggage_accessories,5821.72,53,25,4.37037037037037,0.006501030778958991
2018-07,market_place,186.78,4,3,4.75,0.00020857453276591114
2018-07,music,849.3,3,3,5.0,0.0009484010637010832
2018-07,musical_instruments,9541.8,33,14,4.388888888888889,0.010655190474064519
2018-07,office_furniture,13775.27,64,13,3.6625,0.015382645379453223
2018-07,party_supplies,57.5,2,2,4.5,6.420942089110125e-05
2018-07,pc_gamer,677.0,2,1,3.6666666666666665,0.0007559961381439225
2018-07,perfumery,22417.77,174,57,4.534313725490196,0.02503360051078092
2018-07,pet_shop,19583.739999999998,140,46,4.377358490566038,0.02186888007446774
2018-07,portateis_cozinha_e_preparadores_de_alimentos,172.03,7,2,2.625,0.0001921034204503678
2018-07,signaling_and_security,3785.19,19,11,4.275862068965517,0.00422686709326587
2018-07,small_appliances,8711.25,36,23,4.348837209302325,0.009727727265001838
2018-07,small_appliances_home_oven_and_coffee,4699.67,14,7,4.866666666666666,0.005248053723117945
2018-07,sports_leisure,55292.68,418,152,4.2462526766595285,0.06174453847507785
2018-07,stationery,17247.09,169,68,4.347368421052631,0.019259576712290494
2018-07,telephony,26939.41,206,43,3.9955357142857144,0.030082850699964206
2018-07,toys,17277.29,150,75,4.282051282051282,0.01929330061682808
2018-07,unknown,4612.0,42,19,4.086956521739131,0.005150153898256678
2018-07,watches_gifts,96212.59,514,36,3.9731800766283527,0.10743921193622537
2018-08,agro_industry_and_commerce,5021.09,14,12,3.7777777777777777,0.005874775135341173
2018-08,air_conditioning,3556.9,17,13,3.8095238095238093,0.004161643722557257
2018-08,art,1481.3899999999999,18,4,4.111111111111111,0.001733255754774971
2018-08,arts_and_craftmanship,901.76,9,7,4.555555555555555,0.0010550771298752375
2018-08,audio,2069.4,24,3,4.230769230769231,0.0024212391462959284
2018-08,auto,45380.89,352,119,4.247340425531915,0.05309654361735258
2018-08,baby,22004.15,206,70,4.175115207373272,0.025745293012934937
2018-08,bed_bath_table,61035.88,558,89,4.077981651376147,0.07141319318866372
2018-08,books_general_interest,1564.78,34,11,4.25,0.0018308237128350936
2018-08,books_imported,749.0,1,1,5.0,0.000876344892517469
2018-08,books_technical,1483.79,28,9,4.724137931034483,0.0017360638024946533
2018-08,christmas_supplies,564.37,11,4,4.0,0.0006603241214820881
2018-08,cine_photo,685.28,9,4,4.1,0.000801791225559908
2018-08,computers,8711.5,10,4,3.5833333333333335,0.01019262821250458
2018-08,computers_accessories,40293.93,384,81,4.267942583732057,0.04714469927230497
2018-08,consoles_games,4824.49,56,18,3.9193548387096775,0.005644749226303877
2018-08,construction_tools_construction,22917.16,124,51,4.154320987654321,0.02681353286649618
2018-08,construction_tools_lights,8212.53,56,16,3.935483870967742,0.009608823391383832
2018-08,construction_tools_safety,4070.12,22,13,3.923076923076923,0.0047621213270136195
2018-08,cool_stuff,16354.58,120,51,3.983739837398374,0.019135183781399664
2018-08,costruction_tools_garden,3688.76,19,10,3.5217391304347827,0.004315922544356127
2018-08,costruction_tools_tools,1255.77,14,11,4.461538461538462,0.0014692758687271856
2018-08,diapers_and_hygiene,231.89,3,2,4.666666666666667,0.0002713159107154551
2018-08,drinks,1477.23,25,10,3.566666666666667,0.0017283884720608554
2018-08,dvds_blu_ray,8.9,1,1,5.0,1.041317696048795e-05
2018-08,electronics,10769.47,115,45,4.125,0.012600494031535523
2018-08,fashio_female_clothing,129.97,2,1,3.6666666666666665,0.00015206748421962008
2018-08,fashion_bags_accessories,8177.43,122,36,4.165354330708661,0.00956775569348348
2018-08,fashion_male_clothing,381.69,3,3,4.666666666666667,0.00044658488921894894
2018-08,fashion_shoes,471.29999999999995,3,2,4.666666666666667,0.0005514303709525809
2018-08,fashion_sport,69.9,1,1,3.0,8.178438983574244e-05
2018-08,fashion_underwear_beach,219.9,2,2,2.0,0.0002572873723158764
2018-08,fixed_telephony,2724.17,10,4,4.2,0.0031873330652193773
2018-08,food,8256.18,103,23,4.474137931034483,0.00965989475928555
2018-08,food_drink,1028.61,16,10,4.809523809523809,0.0012034941520592706
2018-08,furniture_bedroom,2197.0,10,6,4.333333333333333,0.0025705336833923625
2018-08,furniture_decor,41380.15,344,105,4.106481481481482,0.04841559826983544
2018-08,furniture_living_room,5223.34,38,15,3.775,0.006111411656718553
2018-08,garden_tools,16432.34,122,45,4.195652173913044,0.019226164527517364
2018-08,health_beauty,120803.94,778,180,4.350295857988166,0.1413430117690077
2018-08,home_appliances,6584.400000000001,64,12,4.223076923076923,0.007703878918947962
2018-08,home_appliances_2,9882.76,15,9,3.7333333333333334,0.011563025700902459
2018-08,home_confort,2241.28,15,5,4.375,0.002622342163820498
2018-08,home_construction,7016.16,45,14,3.938775510204082,0.008209046703718779
2018-08,housewares,60202.67,562,181,4.278846153846154,0.07043832092178191
2018-08,industry_commerce_and_business,2364.69,9,7,3.9,0.00276673431760632
2018-08,kitchen_dining_laundry_garden_furniture,2156.47,20,11,4.285714285714286,0.0025231127775262297
2018-08,luggage_accessories,6847.91,64,24,4.333333333333333,0.008012190858370228
2018-08,market_place,949.27,8,7,3.75,0.0011106647745261118
2018-08,music,497.81,6,4,4.666666666666667,0.0005824475980562366
2018-08,musical_instruments,10519.34,39,16,4.365853658536586,0.012307836958150483
2018-08,office_furniture,6758.87,24,7,4.1,0.00790801228797002
2018-08,party_supplies,1285.29,14,7,4.285714285714286,0.001503814855679276
2018-08,pc_gamer,219.0,1,1,4.0,0.00025623435442099563
2018-08,perfumery,25017.69,207,54,4.301369863013699,0.029271194731756153
2018-08,pet_shop,24857.07,167,48,4.376884422110553,0.029083266138116425
2018-08,portateis_cozinha_e_preparadores_de_alimentos,1838.5,5,4,3.6,0.002151081555264842
2018-08,signaling_and_security,1825.59,16,11,4.5,0.0021359765985727187
2018-08,small_appliances,6759.06,25,19,4.0,0.00790823459174783
2018-08,small_appliances_home_oven_and_coffee,2996.7200000000003,17,5,4.294117647058823,0.003506221984385781
2018-08,sports_leisure,51500.16,436,153,4.352320675105485,0.06025621118802731
2018-08,stationery,15563.65,159,59,4.579881656804734,0.01820977995517958
2018-08,telephony,37541.89,246,44,4.014545454545455,0.04392475775294078
2018-08,toys,17753.05,155,79,4.131736526946108,0.020771421487459616
2018-08,unknown,2419.04,30,16,4.375,0.0028303248982582884
2018-08,watches_gifts,72277.06,392,36,4.1514423076923075,0.08456559729930395
2018-09,kitchen_dining_laundry_garden_furniture,145.0,1,1,1.0,1.0
