purchase_date,gmv_proxy,orders,items,active_sellers,active_customers,aov,late_orders,late_delivery_rate,avg_review_score
2016-09-04,72.89,1,2,1,1,72.89,0,,1.0
2016-09-05,59.5,1,1,1,1,59.5,0,,1.0
2016-09-15,134.97,1,3,1,1,134.97,1,1.0,1.0
2016-10-02,100.0,1,1,1,1,100.0,0,,1.0
2016-10-03,463.48,8,8,7,8,57.935,0,0.0,3.0
2016-10-04,9940.960000000001,60,69,39,60,165.68266666666668,2,0.037037037037037035,3.634920634920635
2016-10-05,8343.25,42,56,34,42,198.64880952380952,0,0.0,3.2222222222222223
2016-10-06,7960.51,49,58,40,49,162.45938775510206,0,0.0,3.450980392156863
2016-10-07,7228.05,45,52,36,45,160.62333333333333,0,0.0,3.5681818181818183
2016-10-08,8441.85,40,45,32,39,211.04625000000001,0,0.0,3.9523809523809526
2016-10-09,3336.99,26,34,25,26,128.34576923076924,0,0.0,3.6153846153846154
2016-10-10,3692.57,37,40,31,36,99.79918918918919,1,0.029411764705882353,3.763157894736842
2016-12-23,10.9,1,1,1,1,10.9,0,0.0,5.0
2017-01-05,396.90000000000003,32,32,3,18,12.403125000000001,0,0.0,4.90625
2017-01-06,916.38,4,4,4,4,229.095,0,0.0,4.75
2017-01-07,1351.9,4,5,4,4,337.975,1,0.25,3.0
2017-01-08,709.58,6,6,5,5,118.26333333333334,0,0.0,3.3333333333333335
2017-01-09,673.79,5,6,5,5,134.75799999999998,2,0.4,3.4
2017-01-10,1434.87,6,6,5,6,239.14499999999998,0,0.0,3.5
2017-01-11,2776.16,12,12,10,12,231.34666666666666,0,0.0,3.8333333333333335
2017-01-12,2234.58,13,15,10,13,171.89076923076922,2,0.16666666666666666,3.8461538461538463
2017-01-13,2505.58,11,11,8,11,227.78,0,0.0,4.363636363636363
2017-01-14,1112.69,18,18,10,17,61.81611111111111,1,0.0625,3.588235294117647
2017-01-15,2199.57,14,21,10,13,157.11214285714286,0,0.0,4.5
2017-01-16,3307.92,19,24,14,18,174.10105263157894,0,0.0,4.055555555555555
2017-01-17,3302.5299999999997,32,37,25,31,103.20406249999999,0,0.0,4.265625
2017-01-18,4032.36,33,35,30,33,122.19272727272728,1,0.03333333333333333,3.8
2017-01-19,3553.9500000000003,29,35,23,28,122.55000000000001,1,0.034482758620689655,4.068965517241379
2017-01-20,4035.83,28,39,23,28,144.1367857142857,0,0.0,4.482758620689655
2017-01-21,2458.6,24,36,18,21,102.44166666666666,0,0.0,3.7083333333333335
2017-01-22,3619.27,30,33,21,30,120.64233333333333,0,0.0,3.903225806451613
2017-01-23,6581.47,39,54,34,39,168.75564102564104,2,0.05555555555555555,3.6923076923076925
2017-01-24,5955.17,40,44,34,40,148.87925,0,0.0,4.275
2017-01-25,8977.23,62,69,45,62,144.7940322580645,1,0.017543859649122806,3.7936507936507935
2017-01-26,13157.66,85,100,65,82,154.796,4,0.04878048780487805,4.244186046511628
2017-01-27,11432.95,61,76,51,60,187.4254098360656,0,0.0,4.080645161290323
2017-01-28,5211.01,29,30,27,29,179.69,0,0.0,4.068965517241379
2017-01-29,6457.66,35,47,26,34,184.50457142857144,2,0.0625,4.314285714285714
2017-01-30,10801.13,51,75,36,49,211.78686274509803,0,0.0,3.980392156862745
2017-01-31,11116.130000000001,67,85,50,65,165.9123880597015,6,0.09375,3.9705882352941178
2017-02-01,8219.75,67,70,53,65,122.68283582089552,1,0.01639344262295082,3.7945205479452055
2017-02-02,8917.64,68,75,50,68,131.14176470588234,3,0.04477611940298507,4.333333333333333
2017-02-03,10183.74,57,62,40,57,178.66210526315788,2,0.037037037037037035,3.9833333333333334
2017-02-04,13968.16,66,72,51,66,211.63878787878787,2,0.03125,4.074626865671642
2017-02-05,8503.79,75,83,52,74,113.38386666666668,1,0.013513513513513514,4.216216216216216
2017-02-06,9539.44,81,88,61,79,117.77086419753087,3,0.038461538461538464,4.096385542168675
2017-02-07,14143.48,111,127,78,107,127.41873873873874,2,0.018518518518518517,4.232142857142857
2017-02-08,11958.27,90,99,69,90,132.86966666666666,1,0.012048192771084338,4.105263157894737
2017-02-09,9190.29,77,82,61,76,119.35441558441559,4,0.0547945205479452,4.026666666666666
2017-02-10,14222.64,66,74,54,66,215.49454545454546,2,0.031746031746031744,4.181818181818182
2017-02-11,4307.56,45,51,42,45,95.72355555555556,2,0.044444444444444446,4.061224489795919
2017-02-12,15126.15,63,66,52,63,240.09761904761905,1,0.01639344262295082,4.190476190476191
2017-02-13,10785.15,76,88,58,76,141.90986842105264,1,0.013513513513513514,3.730769230769231
2017-02-14,12694.11,71,80,62,70,178.79028169014086,2,0.030303030303030304,3.8552631578947367
2017-02-15,6770.15,60,63,51,60,112.83583333333333,0,0.0,4.032786885245901
2017-02-16,6348.04,52,57,45,52,122.0776923076923,1,0.02040816326530612,4.109090909090909
2017-02-17,6801.26,45,56,40,45,151.1391111111111,2,0.044444444444444446,4.021739130434782
2017-02-18,7297.33,52,63,38,50,140.33326923076922,1,0.019230769230769232,4.2075471698113205
2017-02-19,3797.9,40,44,33,39,94.9475,0,0.0,3.4
2017-02-20,7878.3,63,72,56,63,125.05238095238096,5,0.0847457627118644,3.9193548387096775
2017-02-21,8285.64,41,47,37,41,202.08878048780485,1,0.02564102564102564,4.025
2017-02-22,8033.05,61,68,53,59,131.6893442622951,2,0.03773584905660377,3.7142857142857144
2017-02-23,6940.82,59,73,50,57,117.64101694915254,2,0.03508771929824561,4.101694915254237
2017-02-24,6682.21,62,73,51,62,107.7775806451613,3,0.05,4.190476190476191
2017-02-25,4196.59,42,46,33,42,99.91880952380953,0,0.0,3.6511627906976742
2017-02-26,5446.68,45,52,40,45,121.03733333333334,2,0.047619047619047616,3.739130434782609
2017-02-27,5844.12,43,53,39,43,135.90976744186045,3,0.07317073170731707,4.119047619047619
2017-02-28,11220.76,55,67,46,55,204.01381818181818,4,0.07547169811320754,3.8
2017-03-01,12555.41,95,113,70,94,132.1622105263158,4,0.043010752688172046,4.0
2017-03-02,11377.0,68,76,54,68,167.30882352941177,5,0.07575757575757576,4.085714285714285
2017-03-03,12364.44,72,80,51,69,171.72833333333335,4,0.05555555555555555,4.148648648648648
2017-03-04,12658.51,77,86,62,74,164.39623376623376,4,0.057971014492753624,4.037974683544304
2017-03-05,6954.62,72,82,57,71,96.59194444444444,5,0.07462686567164178,4.2465753424657535
2017-03-06,10336.64,99,114,72,99,104.41050505050505,4,0.0425531914893617,3.875
2017-03-07,11883.52,81,98,65,80,146.71012345679014,5,0.0641025641025641,4.097560975609756
2017-03-08,14612.46,78,88,67,78,187.33923076923077,4,0.0547945205479452,4.050632911392405
2017-03-09,11705.539999999999,92,114,70,90,127.2341304347826,5,0.056818181818181816,4.054945054945055
2017-03-10,12358.87,88,99,72,85,140.44170454545454,2,0.023809523809523808,4.2727272727272725
2017-03-11,10852.97,71,80,52,71,152.8587323943662,2,0.029411764705882353,4.042857142857143
2017-03-12,6612.16,64,71,53,62,103.315,2,0.031746031746031744,4.126984126984127
2017-03-13,16958.05,111,118,76,109,152.77522522522523,9,0.08653846153846154,3.990740740740741
2017-03-14,14243.66,99,114,72,99,143.87535353535353,4,0.042105263157894736,4.061224489795919
2017-03-15,14999.33,107,121,89,106,140.18065420560748,8,0.07920792079207921,4.102803738317757
2017-03-16,14269.78,103,127,77,103,138.54155339805826,9,0.09,4.058252427184466
2017-03-17,11970.4,65,79,52,64,184.16,4,0.0625,4.061538461538461
2017-03-18,16433.82,73,77,59,73,225.12082191780823,2,0.028169014084507043,4.123287671232877
2017-03-19,6649.34,56,59,38,56,118.73821428571429,1,0.017857142857142856,4.181818181818182
2017-03-20,17096.489999999998,116,127,77,114,147.3835344827586,8,0.07079646017699115,4.0508474576271185
2017-03-21,11349.130000000001,93,105,74,91,122.0336559139785,3,0.03260869565217391,3.9587628865979383
2017-03-22,14188.97,105,122,76,104,135.1330476190476,5,0.04807692307692308,4.293269230769231
2017-03-23,16375.55,111,134,85,109,147.52747747747748,4,0.0380952380952381,4.132743362831858
2017-03-24,10177.87,77,85,52,75,132.1801298701299,5,0.06666666666666667,3.962025316455696
2017-03-25,9423.04,75,85,57,72,125.64053333333335,5,0.06944444444444445,3.8157894736842106
2017-03-26,6320.95,64,69,52,64,98.76484375,7,0.1111111111111111,4.015873015873016
2017-03-27,16356.97,109,120,84,108,150.06394495412843,5,0.04672897196261682,4.109090909090909
2017-03-28,12373.11,102,116,81,101,121.305,5,0.052083333333333336,4.12621359223301
2017-03-29,8660.54,74,85,62,73,117.03432432432433,4,0.05555555555555555,4.121621621621622
2017-03-30,10025.6,74,83,59,74,135.48108108108107,3,0.041666666666666664,4.108108108108108
2017-03-31,12199.56,70,73,53,70,174.27942857142855,5,0.07246376811594203,4.043478260869565
2017-04-01,17697.37,67,69,51,64,264.1398507462686,3,0.045454545454545456,4.432835820895522
2017-04-02,9129.88,65,78,55,64,140.4596923076923,1,0.015625,4.476923076923077
2017-04-03,9156.76,72,87,55,72,127.17722222222223,4,0.058823529411764705,4.0928571428571425
2017-04-04,12301.65,96,109,73,96,128.1421875,7,0.07291666666666667,4.231578947368421
2017-04-05,18902.94,96,102,79,93,196.905625,7,0.07526881720430108,4.354166666666667
2017-04-06,23168.89,95,110,69,94,243.88305263157895,4,0.043478260869565216,3.9791666666666665
2017-04-07,13300.65,85,96,66,83,156.47823529411764,7,0.08536585365853659,4.190476190476191
2017-04-08,8785.09,66,71,58,65,133.10742424242426,5,0.078125,3.7794117647058822
2017-04-09,8222.65,73,78,57,70,112.6390410958904,3,0.04411764705882353,3.888888888888889
2017-04-10,11732.31,87,95,61,87,134.85413793103447,6,0.07142857142857142,3.9655172413793105
2017-04-11,8296.51,77,84,65,77,107.74688311688313,5,0.0684931506849315,4.038461538461538
2017-04-12,8209.2,63,66,53,63,130.3047619047619,7,0.11475409836065574,3.8225806451612905
2017-04-13,9691.43,60,64,50,59,161.52383333333333,5,0.08333333333333333,4.169491525423729
2017-04-14,8168.66,53,60,45,53,154.12566037735849,5,0.10638297872340426,3.7962962962962963
2017-04-15,8333.94,52,55,47,52,160.26807692307693,6,0.12244897959183673,3.923076923076923
2017-04-16,5455.96,49,52,44,48,111.3461224489796,5,0.10638297872340426,4.0
2017-04-17,9416.67,65,68,52,65,144.87184615384615,6,0.10344827586206896,3.876923076923077
2017-04-18,21286.72,71,84,54,71,299.8129577464789,6,0.08450704225352113,4.197183098591549
2017-04-19,12103.46,97,112,79,96,124.7779381443299,14,0.15053763440860216,3.84375
2017-04-20,13373.14,96,115,75,91,139.30354166666666,11,0.12087912087912088,3.8072916666666665
2017-04-21,8457.71,68,77,50,68,124.3780882352941,5,0.07575757575757576,3.787878787878788
2017-04-22,12860.18,83,94,68,82,154.94192771084337,5,0.06097560975609756,3.9642857142857144
2017-04-23,10038.95,86,91,63,85,116.73197674418606,9,0.10714285714285714,4.011494252873563
2017-04-24,15150.03,115,135,82,115,131.73939130434783,12,0.10909090909090909,3.982456140350877
2017-04-25,14671.74,111,123,86,111,132.17783783783784,10,0.09433962264150944,4.081818181818182
2017-04-26,15919.75,125,143,96,125,127.358,11,0.09016393442622951,4.096774193548387
2017-04-27,10300.710000000001,79,101,61,79,130.3887341772152,0,0.0,4.25
2017-04-28,15790.49,98,108,80,98,161.12744897959183,7,0.07368421052631578,4.061224489795919
2017-04-29,11912.63,73,86,60,73,163.1867123287671,2,0.02857142857142857,4.0
2017-04-30,8091.16,68,71,56,68,118.98764705882353,3,0.045454545454545456,4.161764705882353
2017-05-01,12580.27,116,131,87,113,108.45060344827587,5,0.04504504504504504,4.025862068965517
2017-05-02,17640.2,125,136,98,125,141.1216,6,0.04918032786885246,4.086614173228346
2017-05-03,10053.56,102,111,79,102,98.5643137254902,8,0.07920792079207921,4.155339805825243
2017-05-04,13508.55,108,122,78,106,125.07916666666667,2,0.018691588785046728,4.222222222222222
2017-05-05,13969.76,110,123,83,108,126.99781818181819,2,0.019230769230769232,3.90990990990991
2017-05-06,16219.98,107,127,87,104,151.58859813084112,2,0.019417475728155338,4.231481481481482
2017-05-07,17167.87,109,120,81,107,157.50339449541283,2,0.0196078431372549,4.036363636363636
2017-05-08,16148.41,122,143,85,121,132.36401639344263,5,0.041666666666666664,4.32520325203252
2017-05-09,20837.05,125,154,86,124,166.69639999999998,6,0.05,4.1328125
2017-05-10,20927.49,115,124,83,113,181.9781739130435,7,0.06422018348623854,4.238938053097345
2017-05-11,18164.55,126,138,100,125,144.16309523809522,8,0.06451612903225806,4.170731707317073
2017-05-12,12635.710000000001,113,123,82,110,111.82044247787611,8,0.0761904761904762,3.8947368421052633
2017-05-13,9118.65,73,81,63,72,124.91301369863014,2,0.029850746268656716,3.8219178082191783
2017-05-14,15219.7,112,129,85,112,135.89017857142858,7,0.06481481481481481,4.126126126126126
2017-05-15,17962.03,154,171,125,151,116.63655844155844,4,0.026845637583892617,3.948717948717949
2017-05-16,21174.88,151,172,116,148,140.23099337748346,4,0.026845637583892617,4.122516556291391
2017-05-17,18343.93,141,157,103,140,130.09879432624115,4,0.02877697841726619,4.276978417266187
2017-05-18,18245.13,125,140,95,123,145.96104,4,0.03225806451612903,4.008064516129032
2017-05-19,18397.670000000002,144,168,102,139,127.76159722222224,3,0.02142857142857143,4.140845070422535
2017-05-20,10632.41,72,80,57,71,147.67236111111112,2,0.02857142857142857,4.228571428571429
2017-05-21,17426.2,148,164,94,144,117.7445945945946,3,0.020689655172413793,4.248275862068965
2017-05-22,25414.2,148,167,96,145,171.71756756756758,3,0.020689655172413793,4.1824324324324325
2017-05-23,17798.38,125,146,86,125,142.38704,5,0.041666666666666664,4.146341463414634
2017-05-24,23350.97,141,159,98,138,165.60971631205675,7,0.05,4.314285714285714
2017-05-25,15383.79,105,120,80,104,146.51228571428572,4,0.0392156862745098,4.231481481481482
2017-05-26,10651.18,78,93,66,77,136.55358974358975,2,0.025974025974025976,4.05
2017-05-27,14139.51,81,93,64,80,174.56185185185186,2,0.025974025974025976,4.246913580246914
2017-05-28,9262.62,98,106,80,98,94.5165306122449,2,0.02040816326530612,4.43298969072165
2017-05-29,18912.86,158,178,103,157,119.70164556962025,3,0.019867549668874173,4.04375
2017-05-30,14345.48,102,118,78,102,140.6419607843137,3,0.030612244897959183,4.171428571428572
2017-05-31,20438.15,126,142,96,126,162.2075396825397,3,0.025423728813559324,4.209302325581396
2017-06-01,19305.25,124,136,88,122,155.6875,3,0.024390243902439025,3.9918032786885247
2017-06-02,19131.33,126,135,84,124,151.8359523809524,5,0.04065040650406504,4.181102362204724
2017-06-03,10450.35,89,101,67,89,117.41966292134832,4,0.045454545454545456,4.08235294117647
2017-06-04,13863.23,101,106,80,100,137.259702970297,3,0.030303030303030304,4.382352941176471
2017-06-05,24184.55,146,163,97,144,165.647602739726,5,0.035211267605633804,4.103448275862069
2017-06-06,14589.15,133,156,86,129,109.69285714285714,3,0.0234375,4.213740458015267
2017-06-07,12771.66,124,132,101,123,102.99725806451613,6,0.04918032786885246,4.0546875
2017-06-08,18503.08,137,151,104,134,135.0589781021898,3,0.022388059701492536,4.1678832116788325
2017-06-09,16051.35,106,127,78,104,151.42783018867925,1,0.009523809523809525,4.130841121495327
2017-06-10,8220.35,76,83,63,75,108.16250000000001,0,0.0,3.9078947368421053
2017-06-11,14303.56,113,126,86,110,126.58017699115044,5,0.04504504504504504,4.2105263157894735
2017-06-12,14803.11,125,149,92,125,118.42488,10,0.08264462809917356,4.2
2017-06-13,14016.09,125,141,91,124,112.12872,3,0.024793388429752067,4.222222222222222
2017-06-14,20441.670000000002,130,147,89,126,157.2436153846154,9,0.0703125,4.080152671755725
2017-06-15,12737.67,107,120,85,103,119.04364485981309,5,0.04854368932038835,4.027777777777778
2017-06-16,12908.23,97,105,73,96,133.07453608247422,6,0.06382978723404255,4.15625
2017-06-17,11264.77,74,84,59,73,152.22662162162163,3,0.041666666666666664,3.9864864864864864
2017-06-18,17836.16,90,101,68,88,198.17955555555557,1,0.011494252873563218,4.205555555555556
2017-06-19,22764.83,156,179,101,152,145.92839743589744,8,0.05263157894736842,4.090909090909091
2017-06-20,10968.33,92,107,71,92,119.22097826086956,3,0.03333333333333333,3.882978723404255
2017-06-21,6183.65,35,38,32,35,176.67571428571426,2,0.058823529411764705,4.428571428571429
2017-06-22,8826.81,88,98,72,87,100.30465909090908,5,0.060240963855421686,4.063953488372093
2017-06-23,13282.98,107,117,80,106,124.14,0,0.0,4.420560747663552
2017-06-24,8325.65,76,81,54,75,109.54802631578947,6,0.08108108108108109,4.133333333333334
2017-06-25,17646.18,105,117,72,102,168.05885714285714,2,0.020202020202020204,4.161904761904762
2017-06-26,13414.76,72,83,64,69,186.31611111111113,4,0.05970149253731343,4.166666666666667
2017-06-27,16681.61,140,153,96,140,119.15435714285715,3,0.02142857142857143,4.178571428571429
2017-06-28,14655.82,120,128,86,119,122.13183333333333,5,0.042735042735042736,4.159663865546219
2017-06-29,12169.53,110,122,77,108,110.63209090909092,4,0.03636363636363636,4.178571428571429
2017-06-30,12736.89,93,97,73,93,136.9558064516129,4,0.043010752688172046,4.347368421052631
2017-07-01,12151.75,80,94,68,80,151.896875,1,0.012987012987012988,4.0375
2017-07-02,11489.44,105,118,73,104,109.4232380952381,3,0.029411764705882353,4.19811320754717
2017-07-03,16611.05,117,131,83,116,141.97478632478632,3,0.02702702702702703,4.213675213675214
2017-07-04,15484.24,123,134,95,121,125.88813008130082,10,0.08333333333333333,4.049180327868853
2017-07-05,20789.56,140,162,108,137,148.49685714285715,5,0.036231884057971016,4.0979020979020975
2017-07-06,22223.72,148,162,94,146,150.16027027027027,4,0.02857142857142857,4.143790849673203
2017-07-07,13662.87,117,134,75,117,116.77666666666667,2,0.017543859649122806,4.338983050847458
2017-07-08,10206.86,83,91,64,82,122.97421686746989,0,0.0,4.445783132530121
2017-07-09,8197.380000000001,90,98,70,90,91.08200000000001,3,0.03409090909090909,4.0
2017-07-10,17326.93,140,156,92,137,123.76378571428572,8,0.05714285714285714,4.339160839160839
2017-07-11,20213.79,162,184,108,161,124.77648148148148,5,0.03164556962025317,4.2682926829268295
2017-07-12,19180.22,149,166,116,149,128.72630872483222,6,0.041379310344827586,4.046357615894039
2017-07-13,14531.0,137,155,88,135,106.06569343065694,5,0.03816793893129771,4.043795620437956
2017-07-14,18745.15,149,168,91,147,125.80637583892619,1,0.006756756756756757,4.168918918918919
2017-07-15,10930.56,98,112,73,98,111.53632653061224,3,0.030927835051546393,4.2631578947368425
2017-07-16,13421.6,112,148,81,111,119.83571428571429,7,0.06542056074766354,4.054054054054054
2017-07-17,21554.98,163,194,104,160,132.23914110429448,7,0.043209876543209874,4.136178861788618
2017-07-18,28238.2,190,220,110,186,148.6221052631579,10,0.05319148936170213,4.109947643979058
2017-07-19,16545.34,150,171,99,147,110.30226666666667,3,0.02027027027027027,4.1568627450980395
2017-07-20,19174.08,141,168,92,141,135.9863829787234,4,0.02877697841726619,4.212765957446808
2017-07-21,13448.85,114,131,84,111,117.97236842105264,4,0.03571428571428571,4.113043478260869
2017-07-22,11456.81,88,101,68,84,130.19102272727272,2,0.022988505747126436,4.119318181818182
2017-07-23,12117.61,104,107,80,103,116.51548076923078,1,0.009900990099009901,4.238095238095238
2017-07-24,19662.62,161,180,113,158,122.12807453416148,8,0.050955414012738856,4.24223602484472
2017-07-25,17482.53,151,171,105,149,115.77834437086092,6,0.041379310344827586,4.073333333333333
2017-07-26,11265.23,123,146,91,120,91.58723577235772,3,0.02564102564102564,4.383064516129032
2017-07-27,15693.93,123,138,93,122,127.5929268292683,4,0.03305785123966942,4.221774193548387
2017-07-28,20043.16,132,153,96,129,151.8421212121212,3,0.023076923076923078,4.378787878787879
2017-07-29,15964.27,115,130,88,112,138.81973913043478,5,0.045871559633027525,4.0
2017-07-30,12944.87,117,130,89,116,110.63991452991453,1,0.008771929824561403,4.217391304347826
2017-07-31,17272.88,147,166,101,143,117.5025850340136,6,0.04195804195804196,4.166666666666667
2017-08-01,21745.04,165,185,120,164,131.7881212121212,7,0.043478260869565216,4.216049382716049
2017-08-02,18147.0,155,172,107,155,117.07741935483871,4,0.026845637583892617,3.968152866242038
2017-08-03,19125.510000000002,146,166,104,145,130.99664383561645,4,0.027777777777777776,4.383561643835616
2017-08-04,18361.62,141,161,102,138,130.22425531914894,4,0.02877697841726619,4.274647887323944
2017-08-05,11946.91,115,126,83,113,103.88617391304348,2,0.017699115044247787,4.334782608695652
2017-08-06,14181.14,108,122,83,107,131.30685185185186,5,0.047619047619047616,4.0963302752293576
2017-08-07,23257.84,157,182,119,155,148.1391082802548,6,0.03821656050955414,4.343949044585988
2017-08-08,18661.63,146,159,104,145,127.81938356164385,7,0.04794520547945205,4.335616438356165
2017-08-09,20756.52,142,161,98,142,146.17267605633802,2,0.014285714285714285,4.274647887323944
2017-08-10,19961.55,155,179,112,151,128.7841935483871,6,0.03896103896103896,4.25796178343949
2017-08-11,20039.24,138,164,102,135,145.21188405797102,3,0.022556390977443608,4.195035460992908
2017-08-12,13980.86,97,108,78,95,144.13257731958763,3,0.03296703296703297,4.2105263157894735
2017-08-13,12334.19,92,109,74,92,134.06728260869565,2,0.022222222222222223,4.197916666666667
2017-08-14,18156.37,156,176,105,153,116.38698717948718,3,0.0196078431372549,4.253164556962025
2017-08-15,23727.260000000002,193,210,122,189,122.93917098445597,5,0.026881720430107527,4.253886010362694
2017-08-16,23950.42,173,207,120,169,138.44173410404622,9,0.05421686746987952,4.2748538011695905
2017-08-17,18357.91,155,169,113,153,118.43812903225806,7,0.0457516339869281,4.19620253164557
2017-08-18,17132.01,146,160,108,145,117.34253424657533,4,0.028368794326241134,4.220689655172414
2017-08-19,12910.13,108,128,76,108,119.53824074074073,2,0.018867924528301886,4.150943396226415
2017-08-20,12873.78,103,118,83,102,124.98815533980583,1,0.009708737864077669,4.223300970873787
2017-08-21,22219.35,177,212,131,175,125.53305084745762,5,0.029069767441860465,4.278409090909091
2017-08-22,16627.12,136,161,110,132,122.25823529411764,3,0.022222222222222223,4.255474452554744
2017-08-23,15873.61,111,158,87,109,143.0054954954955,3,0.02702702702702703,4.225225225225225
2017-08-24,13361.11,126,143,99,124,106.04055555555556,4,0.032520325203252036,4.2204724409448815
2017-08-25,15163.32,123,135,91,119,123.2790243902439,7,0.05982905982905983,4.090163934426229
2017-08-26,10141.69,93,99,79,93,109.05043010752689,2,0.02247191011235955,4.25
2017-08-27,13367.88,118,143,95,116,113.28711864406779,2,0.017391304347826087,4.138655462184874
2017-08-28,22244.52,155,172,116,150,143.51303225806453,6,0.04,4.377483443708609
2017-08-29,33756.48,137,155,93,136,246.39766423357668,9,0.06666666666666667,4.193430656934306
2017-08-30,30938.16,178,198,122,173,173.80988764044943,4,0.023121387283236993,4.293296089385475
2017-08-31,20671.51,148,172,106,147,139.67236486486485,8,0.055944055944055944,4.243243243243243
2017-09-01,28473.13,158,183,107,155,180.2096835443038,8,0.05228758169934641,4.034810126582278
2017-09-02,18128.66,104,118,77,102,174.31403846153847,1,0.00980392156862745,4.538461538461538
2017-09-03,27795.41,125,142,90,125,222.36328,2,0.016260162601626018,4.404
2017-09-04,24937.98,148,161,97,144,168.49986486486486,7,0.047619047619047616,4.23489932885906
2017-09-05,20981.55,154,181,118,154,136.24383116883115,3,0.019867549668874173,4.04516129032258
2017-09-06,25624.61,140,157,99,139,183.03292857142858,11,0.07971014492753623,4.065217391304348
2017-09-07,16893.5,97,104,77,96,174.159793814433,4,0.041237113402061855,4.3061224489795915
2017-09-08,11883.47,115,133,94,113,103.33452173913042,6,0.05405405405405406,4.293103448275862
2017-09-09,15082.53,106,119,80,103,142.28801886792454,3,0.02912621359223301,4.105769230769231
2017-09-10,17810.27,135,152,103,134,131.92792592592593,10,0.07575757575757576,4.2388059701492535
2017-09-11,23376.78,178,193,129,178,131.33022471910112,9,0.05113636363636364,4.297752808988764
2017-09-12,27136.010000000002,204,244,135,200,133.0196568627451,19,0.095,4.073529411764706
2017-09-13,27593.28,205,228,128,203,134.60136585365854,18,0.08866995073891626,4.126829268292683
2017-09-14,22557.76,166,198,130,164,135.8901204819277,13,0.07975460122699386,4.042424242424242
2017-09-15,18373.26,150,165,116,149,122.48839999999998,9,0.0625,4.170068027210885
2017-09-16,21147.37,129,137,88,128,163.9331007751938,12,0.096,4.086614173228346
2017-09-17,19979.42,125,136,97,123,159.83535999999998,9,0.072,4.144
2017-09-18,28487.81,183,218,129,180,155.67109289617488,21,0.11731843575418995,4.15
2017-09-19,20057.95,153,179,106,151,131.09771241830066,14,0.09395973154362416,4.117647058823529
2017-09-20,22102.55,161,187,112,160,137.28291925465837,7,0.04430379746835443,4.271604938271605
2017-09-21,19015.53,150,176,101,150,126.77019999999999,3,0.020833333333333332,4.1466666666666665
2017-09-22,16255.12,136,153,94,133,119.5229411764706,3,0.022556390977443608,4.193430656934306
2017-09-23,10513.5,85,99,71,84,123.68823529411765,0,0.0,4.126436781609195
2017-09-24,13049.75,113,124,74,109,115.48451327433628,2,0.017857142857142856,4.233050847457627
2017-09-25,17987.1,133,154,96,133,135.24135338345863,1,0.007751937984496124,4.2
2017-09-26,21681.9,179,196,126,178,121.12793296089386,7,0.040229885057471264,4.377777777777778
2017-09-27,20646.920000000002,144,174,99,142,143.3813888888889,3,0.020833333333333332,4.301369863013699
2017-09-28,23264.52,142,165,105,142,163.83464788732394,3,0.02142857142857143,4.20979020979021
2017-09-29,30878.56,116,135,87,114,266.1944827586207,5,0.045871559633027525,4.095833333333333
2017-09-30,12685.49,109,120,86,109,116.38064220183486,3,0.02857142857142857,4.157407407407407
2017-10-01,18821.27,128,145,98,126,147.041171875,3,0.024193548387096774,4.11328125
2017-10-02,21764.65,142,166,109,142,153.27218309859157,2,0.014285714285714285,4.104895104895105
2017-10-03,26118.57,198,218,137,195,131.9119696969697,6,0.031088082901554404,4.116161616161616
2017-10-04,21197.7,157,171,117,155,135.0171974522293,1,0.00641025641025641,4.32258064516129
2017-10-05,25517.52,140,171,101,140,182.268,7,0.050724637681159424,3.9347826086956523
2017-10-06,17084.670000000002,126,154,103,124,135.59261904761905,11,0.08870967741935484,3.976923076923077
2017-10-07,15376.02,103,117,81,102,149.28174757281553,6,0.06,4.0285714285714285
2017-10-08,16539.010000000002,124,137,98,122,133.37911290322583,2,0.016129032258064516,4.277777777777778
2017-10-09,30337.79,191,223,124,189,158.83659685863876,14,0.0748663101604278,4.109947643979058
2017-10-10,28151.13,180,206,144,178,156.39516666666668,14,0.08,4.098360655737705
2017-10-11,22669.37,156,178,114,152,145.31647435897435,7,0.046357615894039736,4.151612903225806
2017-10-12,18754.23,140,158,94,139,133.9587857142857,5,0.03676470588235294,4.042253521126761
2017-10-13,22881.19,151,165,113,150,151.531059602649,11,0.07333333333333333,4.111111111111111
2017-10-14,13528.82,116,128,90,116,116.62775862068965,5,0.043859649122807015,4.243478260869566
2017-10-15,18751.85,120,137,86,120,156.26541666666665,5,0.042735042735042736,4.090909090909091
2017-10-16,30580.16,194,226,129,193,157.6296907216495,13,0.06914893617021277,4.169270833333333
2017-10-17,29675.77,197,259,137,194,150.6384263959391,19,0.09743589743589744,4.189054726368159
2017-10-18,27257.79,176,223,131,174,154.87380681818183,6,0.03409090909090909,4.213483146067416
2017-10-19,23223.71,175,195,126,172,132.70691428571428,8,0.046511627906976744,3.942857142857143
2017-10-20,18626.2,120,131,88,120,155.21833333333333,5,0.0423728813559322,4.064516129032258
2017-10-21,14982.45,110,124,89,108,136.20409090909092,3,0.028846153846153848,3.972972972972973
2017-10-22,19786.81,157,182,116,154,126.03063694267517,9,0.05921052631578947,4.1210191082802545
2017-10-23,22278.1,158,189,109,156,141.0006329113924,6,0.039473684210526314,4.031055900621118
2017-10-24,22071.27,164,193,120,163,134.58091463414635,10,0.06172839506172839,4.333333333333333
2017-10-25,17507.06,154,171,119,151,113.6822077922078,4,0.02631578947368421,4.283870967741936
2017-10-26,22573.15,143,179,103,142,157.85419580419583,8,0.05714285714285714,4.112676056338028
2017-10-27,20377.58,131,156,101,131,155.55404580152674,10,0.07692307692307693,4.068702290076335
2017-10-28,16483.61,86,97,70,83,191.66988372093024,2,0.023529411764705882,4.2011494252873565
2017-10-29,17267.75,130,160,100,127,132.82884615384614,6,0.046511627906976744,4.2
2017-10-30,20221.23,144,169,113,143,140.42520833333333,17,0.12318840579710146,4.08843537414966
2017-10-31,23813.0,157,194,109,156,151.6751592356688,12,0.07692307692307693,4.076433121019108
2017-11-01,19383.61,109,127,81,108,177.83128440366974,6,0.05555555555555555,4.261261261261262
2017-11-02,21263.73,121,145,89,121,175.73330578512397,6,0.05128205128205128,3.9516129032258065
2017-11-03,22844.05,138,169,104,137,165.53659420289856,7,0.050724637681159424,4.062937062937063
2017-11-04,19169.07,111,135,88,110,172.69432432432433,5,0.04716981132075472,4.090909090909091
2017-11-05,17327.44,141,162,109,136,122.88964539007091,4,0.029197080291970802,4.069444444444445
2017-11-06,28600.29,190,209,138,190,150.52784210526318,12,0.06593406593406594,4.036842105263158
2017-11-07,20829.71,157,177,112,156,132.67331210191082,8,0.05194805194805195,4.138364779874214
2017-11-08,19240.51,174,199,118,172,110.57764367816091,11,0.0650887573964497,4.04
2017-11-09,25053.34,188,223,141,188,133.26244680851065,7,0.038461538461538464,4.079365079365079
2017-11-10,20223.84,164,193,126,163,123.3160975609756,11,0.06918238993710692,3.9937888198757765
2017-11-11,23292.07,155,175,113,154,150.2714193548387,10,0.06578947368421052,4.096153846153846
2017-11-12,23087.26,172,186,128,172,134.22825581395347,11,0.06470588235294118,4.14367816091954
2017-11-13,24391.97,202,235,143,201,120.75232673267327,18,0.09137055837563451,4.140394088669951
2017-11-14,27049.68,189,222,139,187,143.12,21,0.11413043478260869,3.9739583333333335
2017-11-15,23711.29,185,216,132,184,128.16913513513515,13,0.07386363636363637,3.9836065573770494
2017-11-16,28268.82,224,257,149,222,126.20008928571428,20,0.091324200913242,4.208888888888889
2017-11-17,29209.07,189,225,131,187,154.54534391534392,19,0.10270270270270271,3.922680412371134
2017-11-18,23233.3,146,171,108,143,159.13219178082193,17,0.12056737588652482,4.003355704697986
2017-11-19,19955.56,158,176,120,155,126.30101265822786,16,0.10191082802547771,4.291139240506329
2017-11-20,44284.47,226,262,162,224,195.94898230088495,31,0.1415525114155251,3.9118942731277535
2017-11-21,34316.64,226,258,157,225,151.84353982300885,44,0.1981981981981982,4.04
2017-11-22,24962.57,198,239,130,195,126.07358585858586,28,0.14736842105263157,3.8208955223880596
2017-11-23,44712.88,277,336,166,273,161.4183393501805,42,0.15671641791044777,3.7615658362989324
2017-11-24,152653.74,1166,1366,383,1151,130.92087478559176,229,0.1996512641673932,3.7302744425385934
2017-11-25,60923.48,498,580,252,491,122.33630522088355,113,0.23203285420944558,3.658215010141988
2017-11-26,45315.28,388,456,222,383,116.7919587628866,78,0.20418848167539266,3.8186528497409324
2017-11-27,47923.66,400,474,229,396,119.80915,84,0.21265822784810126,3.72875
2017-11-28,47886.55,376,431,209,373,127.35784574468086,78,0.21024258760107817,3.886243386243386
2017-11-29,39834.75,319,366,185,318,124.87382445141066,64,0.20382165605095542,3.7547169811320753
2017-11-30,31322.74,264,295,164,261,118.64674242424243,30,0.11538461538461539,3.956603773584906
2017-12-01,39981.91,274,312,178,267,145.91937956204382,33,0.12359550561797752,3.9145454545454546
2017-12-02,31208.13,214,235,143,213,145.8323831775701,26,0.12264150943396226,3.8598130841121496
2017-12-03,29262.920000000002,231,261,139,231,126.67930735930737,26,0.1145374449339207,3.8626609442060085
2017-12-04,47348.52,331,369,197,327,143.04688821752265,50,0.15527950310559005,3.9123867069486407
2017-12-05,33632.37,275,323,177,274,122.29952727272729,31,0.11524163568773234,3.9535714285714287
2017-12-06,39198.74,273,314,164,269,143.5851282051282,33,0.12267657992565056,3.9926739926739927
2017-12-07,28055.78,226,257,142,225,124.14061946902655,27,0.1210762331838565,3.9780701754385963
2017-12-08,29847.46,215,237,137,214,138.82539534883722,25,0.11904761904761904,3.8930232558139535
2017-12-09,20027.04,155,170,110,153,129.20670967741935,14,0.09090909090909091,3.980392156862745
2017-12-10,24695.79,187,205,125,183,132.06304812834225,15,0.08152173913043478,4.0588235294117645
2017-12-11,33990.39,267,296,165,264,127.30483146067415,18,0.06870229007633588,3.988593155893536
2017-12-12,33468.71,258,295,157,256,129.72368217054265,25,0.099601593625498,3.9105058365758754
2017-12-13,29601.28,218,262,143,213,135.78568807339448,10,0.046511627906976744,3.9724770642201834
2017-12-14,25286.23,199,215,137,198,127.0664824120603,11,0.05641025641025641,4.020304568527918
2017-12-15,27382.2,192,208,136,191,142.615625,11,0.05945945945945946,3.979057591623037
2017-12-16,20296.28,131,144,98,130,154.9334351145038,7,0.05426356589147287,4.1484375
2017-12-17,19312.41,133,151,100,130,145.2060902255639,4,0.03076923076923077,4.142857142857143
2017-12-18,29162.11,208,233,134,207,140.20245192307692,14,0.06829268292682927,4.162679425837321
2017-12-19,20615.99,174,201,121,173,118.4827011494253,13,0.07514450867052024,4.258620689655173
2017-12-20,27958.53,171,196,125,170,163.50017543859647,11,0.06547619047619048,4.020833333333333
2017-12-21,18572.22,143,156,94,142,129.87566433566434,9,0.06428571428571428,4.077464788732394
2017-12-22,14935.3,110,127,76,110,135.77545454545455,5,0.046296296296296294,4.126126126126126
2017-12-23,12875.05,107,119,80,106,120.32757009345794,12,0.1188118811881188,3.952830188679245
2017-12-24,5759.01,59,62,46,59,97.61033898305085,1,0.017543859649122806,4.206896551724138
2017-12-25,10381.34,90,101,65,88,115.34822222222222,7,0.08139534883720931,4.078651685393258
2017-12-26,20549.43,168,181,113,168,122.31803571428571,4,0.024242424242424242,4.220238095238095
2017-12-27,17700.4,166,184,102,166,106.62891566265061,4,0.024390243902439025,4.253012048192771
2017-12-28,15037.49,146,157,92,146,102.99650684931507,8,0.055944055944055944,4.160839160839161
2017-12-29,16042.72,133,151,98,132,120.62195488721804,4,0.030303030303030304,4.156716417910448
2017-12-30,13042.65,96,108,70,96,135.8609375,3,0.03125,3.9789473684210526
2017-12-31,8685.77,74,78,54,74,117.37527027027028,1,0.014084507042253521,4.095890410958904
2018-01-01,6948.21,73,81,62,73,95.18095890410959,4,0.05555555555555555,4.013513513513513
2018-01-02,25315.0,203,233,132,203,124.70443349753694,4,0.02,4.099009900990099
2018-01-03,31886.72,222,247,141,221,143.63387387387388,9,0.0410958904109589,4.085972850678733
2018-01-04,34839.44,255,278,171,253,136.6252549019608,15,0.06048387096774194,4.089494163424124
2018-01-05,27720.39,209,244,142,207,132.63344497607656,10,0.050761421319796954,4.019230769230769
2018-01-06,27609.670000000002,215,258,142,214,128.41706976744186,6,0.028169014084507043,4.023584905660377
2018-01-07,29433.01,195,220,129,195,150.9385128205128,6,0.03125,4.148717948717949
2018-01-08,38714.4,292,334,176,290,132.58356164383562,11,0.03832752613240418,4.112068965517241
2018-01-09,30248.91,251,272,160,250,120.51358565737051,11,0.044715447154471545,4.139442231075697
2018-01-10,38479.53,277,317,166,277,138.91527075812274,16,0.05904059040590406,4.087912087912088
2018-01-11,40056.96,264,305,160,263,151.73090909090908,8,0.03076923076923077,4.166037735849057
2018-01-12,30988.94,239,284,164,238,129.6608368200837,11,0.04700854700854701,3.9315352697095434
2018-01-13,28091.91,216,240,141,214,130.05513888888888,6,0.02843601895734597,4.15668202764977
2018-01-14,30962.53,232,252,149,227,133.45918103448275,16,0.06986899563318777,4.042918454935623
2018-01-15,38330.3,305,340,193,302,125.67311475409836,16,0.05333333333333334,4.085808580858086
2018-01-16,44237.17,301,362,186,298,146.96734219269104,27,0.09121621621621621,3.9302325581395348
2018-01-17,36089.22,282,300,183,280,127.97595744680851,17,0.061371841155234655,4.099644128113879
2018-01-18,27774.77,238,274,148,232,116.70071428571428,15,0.0635593220338983,4.047916666666667
2018-01-19,29954.78,232,263,143,230,129.11543103448275,19,0.08444444444444445,3.8017241379310347
2018-01-20,22381.68,184,208,128,181,121.63956521739131,18,0.0989010989010989,4.202247191011236
2018-01-21,23829.829999999998,194,213,121,193,122.83417525773194,18,0.09574468085106383,3.9329896907216493
2018-01-22,37137.64,310,353,191,305,119.79883870967741,26,0.08524590163934426,3.9166666666666665
2018-01-23,34746.17,262,300,161,259,132.61896946564886,25,0.09765625,4.124031007751938
2018-01-24,31700.17,243,271,165,240,130.4533744855967,33,0.13983050847457626,3.9024896265560165
2018-01-25,29634.42,232,265,155,228,127.73456896551724,15,0.06637168141592921,3.9870689655172415
2018-01-26,33995.0,228,265,151,226,149.10087719298247,14,0.06278026905829596,3.943231441048035
2018-01-27,22031.08,153,175,114,150,143.9939869281046,11,0.07333333333333333,4.006578947368421
2018-01-28,24100.75,155,168,118,153,155.48870967741937,6,0.040268456375838924,4.207792207792208
2018-01-29,30481.32,246,289,162,243,123.90780487804878,31,0.128099173553719,3.9628099173553717
2018-01-30,29588.85,257,313,162,253,115.13171206225681,28,0.11290322580645161,3.924124513618677
2018-01-31,32721.59,255,284,156,250,128.31996078431374,12,0.04780876494023904,4.173828125
2018-02-01,30362.15,232,268,153,229,130.87133620689656,15,0.06607929515418502,4.125541125541125
2018-02-02,27731.6,212,256,139,210,130.80943396226414,20,0.0966183574879227,3.8726415094339623
2018-02-03,23448.66,193,209,139,192,121.49564766839379,7,0.037037037037037035,4.2105263157894735
2018-02-04,23989.79,201,222,144,200,119.35218905472637,10,0.050761421319796954,4.105
2018-02-05,37360.84,271,313,161,265,137.86287822878228,23,0.08679245283018867,4.0
2018-02-06,34119.38,267,300,174,263,127.78794007490636,17,0.0648854961832061,3.8759398496240602
2018-02-07,31306.23,246,283,156,242,127.26109756097561,15,0.06198347107438017,4.081967213114754
2018-02-08,27314.73,229,254,146,226,119.27829694323144,25,0.1111111111111111,3.936123348017621
2018-02-09,30743.07,211,229,147,208,145.70175355450237,28,0.1346153846153846,3.9883177570093458
2018-02-10,21248.16,176,195,119,171,120.72818181818182,16,0.09195402298850575,3.963687150837989
2018-02-11,22504.98,170,188,113,167,132.38223529411763,25,0.15151515151515152,3.5988372093023258
2018-02-12,23310.73,215,250,141,211,108.422,36,0.16822429906542055,3.7557603686635943
2018-02-13,23638.34,222,263,144,218,106.479009009009,26,0.11981566820276497,3.89237668161435
2018-02-14,37079.65,294,345,192,283,126.12125850340136,39,0.13588850174216027,4.080204778156997
2018-02-15,32279.91,281,316,166,275,114.87512455516014,41,0.15185185185185185,3.7562277580071175
2018-02-16,26894.99,212,245,152,210,126.8631603773585,33,0.15714285714285714,3.7183098591549295
2018-02-17,24952.760000000002,202,224,140,200,123.52851485148516,29,0.14646464646464646,3.845771144278607
2018-02-18,24592.43,202,234,134,199,121.74470297029703,31,0.15577889447236182,3.935
2018-02-19,28190.63,259,295,146,256,108.84413127413127,48,0.19047619047619047,3.90625
2018-02-20,36568.57,288,315,196,286,126.97420138888889,41,0.14487632508833923,3.8541666666666665
2018-02-21,32401.69,265,310,172,255,122.27052830188678,61,0.23461538461538461,3.8576923076923078
2018-02-22,32718.71,278,362,168,274,117.69320143884892,57,0.2126865671641791,3.5703971119133575
2018-02-23,28424.7,235,260,159,227,120.95617021276595,49,0.21120689655172414,3.793103448275862
2018-02-24,24263.510000000002,190,209,139,185,127.70268421052633,51,0.2712765957446808,3.7
2018-02-25,29203.77,237,269,146,232,123.2226582278481,59,0.2554112554112554,3.524822695035461
2018-02-26,43750.96,296,334,186,288,147.80729729729728,90,0.3103448275862069,3.45578231292517
2018-02-27,40267.2,298,366,193,288,135.1248322147651,77,0.2627986348122867,3.454391891891892
2018-02-28,45510.57,312,358,188,307,145.86721153846153,80,0.264026402640264,3.6041666666666665
2018-03-01,39651.51,275,316,172,272,144.1873090909091,76,0.2835820895522388,3.5072992700729926
2018-03-02,31776.46,265,303,165,259,119.91116981132075,84,0.32061068702290074,3.4640151515151514
2018-03-03,26394.97,212,230,149,206,124.50457547169812,64,0.3121951219512195,3.6279620853080567
2018-03-04,32441.9,235,250,149,231,138.05063829787235,65,0.2850877192982456,3.5595744680851062
2018-03-05,38323.07,262,316,164,258,146.27125954198473,72,0.2857142857142857,3.386100386100386
2018-03-06,39173.99,271,305,160,269,144.55346863468634,82,0.30597014925373134,3.507380073800738
2018-03-07,36137.89,258,289,156,255,140.0693410852713,79,0.3110236220472441,3.6403162055335967
2018-03-08,28156.39,234,273,156,230,120.326452991453,57,0.2511013215859031,3.7124463519313307
2018-03-09,28405.44,203,229,126,202,139.92827586206897,44,0.2233502538071066,3.5689655172413794
2018-03-10,26203.91,192,214,132,190,136.47869791666668,50,0.2702702702702703,3.5343915343915344
2018-03-11,31320.43,218,239,172,217,143.67169724770642,58,0.26976744186046514,3.6175115207373274
2018-03-12,30644.66,232,259,154,230,132.08905172413793,69,0.3026315789473684,3.7288888888888887
2018-03-13,36074.24,227,270,150,226,158.91735682819382,54,0.2488479262672811,3.6681614349775784
2018-03-14,23528.79,198,235,148,197,118.83227272727274,46,0.2358974358974359,3.6700507614213196
2018-03-15,44311.46,286,327,174,285,154.9351748251748,65,0.23897058823529413,3.640625
2018-03-16,32832.19,252,290,175,249,130.28646825396825,53,0.2190082644628099,3.52
2018-03-17,20078.5,180,191,132,179,111.54722222222222,36,0.20454545454545456,3.85
2018-03-18,31119.33,215,232,155,210,144.74106976744187,33,0.15639810426540285,4.037558685446009
2018-03-19,44645.19,302,366,185,299,147.83175496688742,67,0.22866894197952217,3.785
2018-03-20,35749.47,297,348,186,295,120.36858585858586,43,0.14726027397260275,3.9764309764309766
2018-03-21,39714.43,285,315,188,282,139.34887719298246,30,0.10830324909747292,4.066666666666666
2018-03-22,31119.41,254,296,164,252,122.5173622047244,31,0.12449799196787148,3.8492063492063493
2018-03-23,29621.24,219,256,146,218,135.25680365296805,15,0.07177033492822966,4.018099547511312
2018-03-24,23787.77,165,189,126,165,144.16830303030304,21,0.12883435582822086,4.024390243902439
2018-03-25,25557.29,190,226,148,189,134.51205263157894,29,0.15425531914893617,3.931216931216931
2018-03-26,35779.01,271,320,184,270,132.0258671586716,36,0.13533834586466165,4.066666666666666
2018-03-27,34732.56,245,289,179,244,141.76555102040817,35,0.14644351464435146,4.128099173553719
2018-03-28,29713.34,219,242,154,219,135.67735159817352,27,0.12857142857142856,3.8636363636363638
2018-03-29,28926.73,194,224,129,194,149.1068556701031,29,0.15425531914893617,3.7305699481865284
2018-03-30,22088.14,165,185,132,165,133.86751515151514,20,0.12269938650306748,3.9693251533742333
2018-03-31,25203.73,167,193,125,165,150.92053892215569,26,0.15853658536585366,3.8922155688622753
2018-04-01,29396.66,207,232,141,207,142.0128502415459,20,0.09950248756218906,3.927536231884058
2018-04-02,40279.1,281,332,178,281,143.34199288256227,41,0.14963503649635038,4.108695652173913
2018-04-03,36246.51,246,279,171,246,147.34353658536585,26,0.10699588477366255,4.155102040816327
2018-04-04,37982.73,257,287,188,255,147.79272373540857,18,0.07142857142857142,4.046875
2018-04-05,36058.79,266,298,194,264,135.55936090225563,13,0.04980842911877394,4.307984790874524
2018-04-06,27784.74,189,213,147,189,147.00920634920635,6,0.03314917127071823,3.962962962962963
2018-04-07,25517.38,164,184,120,163,155.59378048780488,9,0.055900621118012424,4.070121951219512
2018-04-08,23463.85,185,207,149,184,126.83162162162161,13,0.07103825136612021,4.113513513513514
2018-04-09,49308.73,253,290,182,251,194.89616600790515,12,0.048,4.3107569721115535
2018-04-10,27870.56,201,231,145,200,138.6595024875622,10,0.05102040816326531,4.058673469387755
2018-04-11,40782.96,274,310,191,273,148.8429197080292,11,0.04198473282442748,4.156133828996283
2018-04-12,34117.58,255,298,185,254,133.794431372549,8,0.03162055335968379,4.231075697211155
2018-04-13,31150.36,202,242,150,202,154.20970297029703,6,0.030456852791878174,4.149253731343284
2018-04-14,18845.7,146,172,115,144,129.08013698630137,7,0.04827586206896552,4.0137931034482754
2018-04-15,30524.04,223,264,166,221,136.87910313901347,7,0.0319634703196347,4.108597285067873
2018-04-16,40412.26,280,320,202,279,144.3295,13,0.04710144927536232,4.2
2018-04-17,36682.97,265,311,174,264,138.42630188679246,12,0.046511627906976744,4.216730038022813
2018-04-18,39472.71,280,315,195,279,140.9739642857143,20,0.07380073800738007,4.125448028673835
2018-04-19,43287.21,292,355,191,290,148.24386986301369,12,0.041811846689895474,4.167808219178082
2018-04-20,28353.84,196,229,142,196,144.66244897959183,5,0.026041666666666668,4.183673469387755
2018-04-21,18966.34,156,169,116,156,121.57910256410257,6,0.03896103896103896,4.2243589743589745
2018-04-22,27350.9,200,233,145,199,136.7545,6,0.03015075376884422,4.1959798994974875
2018-04-23,37674.27,285,329,187,284,132.19042105263156,14,0.04946996466431095,4.1643109540636045
2018-04-24,43083.77,271,311,190,269,158.98070110701107,6,0.022641509433962263,4.167910447761194
2018-04-25,40995.02,284,321,193,283,144.34866197183098,12,0.043010752688172046,4.254416961130742
2018-04-26,31631.36,254,294,173,254,124.53291338582677,11,0.044,4.339920948616601
2018-04-27,40752.54,242,285,165,241,168.39892561983473,13,0.05485232067510549,4.199170124481328
2018-04-28,23560.56,169,191,123,169,139.4115976331361,9,0.05421686746987952,4.073170731707317
2018-04-29,19411.7,171,188,132,171,113.5187134502924,10,0.05952380952380952,4.059171597633136
2018-04-30,35682.61,240,285,168,240,148.67754166666666,5,0.02127659574468085,4.315126050420168
2018-05-01,33163.8,255,277,162,255,130.05411764705883,9,0.03571428571428571,4.1484375
2018-05-02,38557.72,295,339,184,294,130.70413559322034,17,0.059233449477351915,4.290816326530612
2018-05-03,42497.77,304,357,196,301,139.79529605263156,11,0.03666666666666667,4.3125
2018-05-04,39730.93,265,309,178,265,149.92803773584905,9,0.03435114503816794,4.297709923664122
2018-05-05,28306.45,197,221,147,197,143.68756345177664,11,0.057291666666666664,4.076923076923077
2018-05-06,28565.97,210,240,152,209,136.02842857142858,8,0.038834951456310676,4.1
2018-05-07,54167.48,371,421,244,369,146.00398921832885,23,0.06336088154269973,4.254742547425474
2018-05-08,47800.69,327,378,216,327,146.17948012232418,22,0.06811145510835913,4.237878787878788
2018-05-09,43589.12,342,392,205,340,127.45356725146199,27,0.08059701492537313,4.166666666666667
2018-05-10,51458.67,279,335,188,277,184.43967741935484,23,0.08424908424908426,4.18705035971223
2018-05-11,37859.19,246,284,173,246,153.89914634146342,28,0.11475409836065574,4.1387755102040815
2018-05-12,29604.14,204,239,144,204,145.11833333333334,13,0.065,4.057971014492754
2018-05-13,31313.52,206,246,151,205,152.0073786407767,13,0.06341463414634146,4.154589371980676
2018-05-14,53842.38,364,413,231,364,147.91862637362635,48,0.1352112676056338,4.1680440771349865
2018-05-15,41119.85,352,423,218,351,116.81775568181818,53,0.15229885057471265,4.2
2018-05-16,56283.73,357,406,236,356,157.65750700280114,59,0.16809116809116809,4.1440677966101696
2018-05-17,31488.47,227,256,158,226,138.7157268722467,42,0.1875,4.061674008810573
2018-05-18,31621.52,236,277,170,234,133.98949152542374,36,0.15517241379310345,4.063559322033898
2018-05-19,25201.29,139,169,113,137,181.30424460431655,19,0.1386861313868613,4.093525179856115
2018-05-20,19586.54,161,192,124,161,121.65552795031057,32,0.20253164556962025,3.950310559006211
2018-05-21,25404.06,204,239,145,204,124.52970588235294,28,0.1407035175879397,4.103448275862069
2018-05-22,27793.91,199,232,145,199,139.66788944723618,17,0.08717948717948718,4.147208121827411
2018-05-23,17501.05,132,150,101,132,132.5837121212121,3,0.022727272727272728,4.340909090909091
2018-05-24,20073.26,114,130,93,114,176.08122807017543,2,0.017699115044247787,4.446428571428571
2018-05-25,15888.92,103,128,82,103,154.26135922330099,1,0.009708737864077669,4.413461538461538
2018-05-26,14799.17,99,116,75,99,149.48656565656566,1,0.010101010101010102,4.357142857142857
2018-05-27,12523.25,100,112,82,98,125.2325,0,0.0,4.17
2018-05-28,26877.47,143,170,113,143,187.95433566433567,0,0.0,4.356643356643357
2018-05-29,25572.08,149,173,118,149,171.6246979865772,0,0.0,4.322147651006712
2018-05-30,19214.0,140,155,111,140,137.24285714285713,0,0.0,4.323741007194244
2018-05-31,25111.28,133,146,106,132,188.80661654135338,1,0.007575757575757576,4.2631578947368425
2018-06-01,32298.920000000002,184,211,140,182,175.53760869565218,2,0.010869565217391304,4.141304347826087
2018-06-02,25266.62,142,158,110,142,177.93394366197182,1,0.0070921985815602835,4.204225352112676
2018-06-03,28461.66,191,217,149,190,149.01392670157068,0,0.0,4.248677248677248
2018-06-04,28622.4,225,258,158,222,127.21066666666667,0,0.0,4.377777777777778
2018-06-05,30709.36,197,240,150,195,155.885076142132,2,0.01020408163265306,4.245
2018-06-06,26134.4,227,277,162,226,115.12951541850221,3,0.013215859030837005,4.066079295154185
2018-06-07,37020.4,223,251,161,223,166.01076233183858,1,0.004484304932735426,4.049773755656108
2018-06-08,26870.41,198,234,151,198,135.7091414141414,7,0.03608247422680412,4.1313131313131315
2018-06-09,29325.079999999998,172,192,136,172,170.4946511627907,2,0.011834319526627219,4.3391812865497075
2018-06-10,25501.97,193,224,148,193,132.13455958549224,4,0.021052631578947368,4.124352331606218
2018-06-11,49669.7,294,338,194,294,168.94455782312923,11,0.03741496598639456,4.30716723549488
2018-06-12,40369.0,246,288,179,246,164.10162601626016,9,0.036885245901639344,4.258196721311475
2018-06-13,34616.96,259,305,195,259,133.65621621621622,3,0.011857707509881422,4.2007722007722
2018-06-14,27504.6,212,237,160,212,129.738679245283,4,0.018957345971563982,4.466981132075472
2018-06-15,26617.56,186,209,151,185,143.1051612903226,2,0.01098901098901099,4.236559139784946
2018-06-16,24616.05,165,177,130,164,149.18818181818182,1,0.006172839506172839,4.310975609756097
2018-06-17,17316.33,152,175,127,152,113.92322368421054,4,0.026490066225165563,4.434210526315789
2018-06-18,34718.3,246,279,159,245,141.13130081300815,2,0.00823045267489712,4.495934959349594
2018-06-19,34630.33,231,261,155,231,149.9148484848485,4,0.017543859649122806,4.402597402597403
2018-06-20,28793.99,217,251,160,217,132.69119815668205,0,0.0,4.299539170506913
2018-06-21,27703.58,234,264,159,233,118.39136752136753,5,0.021551724137931036,4.241379310344827
2018-06-22,24807.27,179,206,132,179,138.58810055865922,1,0.005649717514124294,4.306818181818182
2018-06-23,17501.92,151,172,123,150,115.9067549668874,2,0.013422818791946308,4.226666666666667
2018-06-24,24432.6,199,218,148,199,122.77688442211054,3,0.015151515151515152,4.409090909090909
2018-06-25,36135.52,240,281,180,240,150.56466666666665,3,0.012605042016806723,4.358333333333333
2018-06-26,30957.57,242,292,172,242,127.92384297520661,0,0.0,4.24793388429752
2018-06-27,26496.48,214,243,163,214,123.81532710280374,2,0.009389671361502348,4.39622641509434
2018-06-28,32171.97,243,284,190,242,132.39493827160496,3,0.012552301255230125,4.254166666666666
2018-06-29,20473.48,174,197,140,173,117.66367816091953,2,0.011695906432748537,4.23121387283237
2018-06-30,15379.880000000001,124,139,113,123,124.03129032258066,0,0.0,4.266129032258065
2018-07-01,24369.47,161,186,131,161,151.36316770186338,0,0.0,4.298136645962733
2018-07-02,23158.62,195,217,148,195,118.76215384615384,1,0.0051813471502590676,4.479381443298969
2018-07-03,26307.31,216,239,155,216,121.79310185185186,5,0.02336448598130841,4.449074074074074
2018-07-04,35651.65,256,290,189,255,139.2642578125,3,0.01195219123505976,4.337301587301587
2018-07-05,28809.33,195,221,146,194,147.74015384615385,5,0.025906735751295335,4.076923076923077
2018-07-06,19005.54,121,130,108,121,157.0705785123967,2,0.016666666666666666,4.416666666666667
2018-07-07,9076.56,91,101,73,91,99.74241758241757,0,0.0,4.472527472527473
2018-07-08,14410.79,122,147,95,121,118.12122950819673,3,0.025423728813559324,4.100840336134453
2018-07-09,19564.85,148,158,113,148,132.1949324324324,8,0.0547945205479452,4.310344827586207
2018-07-10,18724.57,132,151,119,132,141.85280303030302,8,0.06201550387596899,4.120300751879699
2018-07-11,18519.98,127,145,98,127,145.82661417322834,10,0.08130081300813008,3.9921259842519685
2018-07-12,28891.77,121,128,93,120,238.77495867768596,13,0.1111111111111111,3.9516129032258065
2018-07-13,27644.23,167,190,129,167,165.5343113772455,4,0.023952095808383235,4.114457831325301
2018-07-14,22257.69,148,160,110,147,150.3897972972973,8,0.056338028169014086,4.3068965517241375
2018-07-15,30037.49,152,167,113,152,197.6150657894737,8,0.05405405405405406,4.065789473684211
2018-07-16,31308.29,245,264,176,242,127.7889387755102,16,0.06722689075630252,4.225409836065574
2018-07-17,30421.48,221,244,160,216,137.6537556561086,14,0.06481481481481481,4.200913242009133
2018-07-18,41193.49,305,340,203,296,135.06062295081966,9,0.029801324503311258,4.480392156862745
2018-07-19,38705.58,253,287,187,249,152.98648221343873,5,0.020080321285140562,4.156626506024097
2018-07-20,32031.44,249,287,158,248,128.64032128514054,10,0.04048582995951417,4.157894736842105
2018-07-21,21113.58,187,208,146,184,112.90684491978611,5,0.02717391304347826,4.446236559139785
2018-07-22,27753.42,215,243,163,213,129.08567441860464,6,0.028169014084507043,4.367441860465116
2018-07-23,39911.22,305,347,227,305,130.85645901639344,18,0.06040268456375839,4.271241830065359
2018-07-24,41525.76,270,303,193,268,153.79911111111113,9,0.03409090909090909,4.315789473684211
2018-07-25,40417.5,268,327,201,267,150.8115671641791,8,0.030303030303030304,4.344569288389513
2018-07-26,35292.72,247,286,176,246,142.8855060728745,7,0.028688524590163935,4.32520325203252
2018-07-27,28371.75,189,216,152,188,150.11507936507937,5,0.026881720430107527,4.212765957446808
2018-07-28,25210.12,175,210,131,174,144.05782857142856,3,0.01744186046511628,4.2272727272727275
2018-07-29,31434.079999999998,188,211,150,187,167.20255319148936,13,0.07142857142857142,4.320855614973262
2018-07-30,39070.66,284,312,214,284,137.57274647887326,34,0.1223021582733813,4.13986013986014
2018-07-31,45316.28,320,377,220,320,141.613375,36,0.11501597444089456,4.216300940438871
2018-08-01,40553.8,310,347,212,309,130.81870967741938,40,0.13071895424836602,4.159090909090909
2018-08-02,38462.26,299,336,214,299,128.63632107023412,45,0.1541095890410959,4.066889632107023
2018-08-03,42075.18,314,347,216,314,133.99738853503186,47,0.1525974025974026,4.073482428115016
2018-08-04,35511.96,245,274,182,245,144.94677551020408,26,0.11016949152542373,4.172131147540983
2018-08-05,35583.76,276,312,197,275,128.92666666666668,48,0.17843866171003717,4.2327272727272724
2018-08-06,56427.39,372,430,246,372,151.68653225806452,72,0.19834710743801653,4.172043010752688
2018-08-07,49178.98,366,431,252,365,134.36879781420765,63,0.17847025495750707,4.043478260869565
2018-08-08,43333.07,315,360,215,313,137.56530158730158,35,0.11290322580645161,4.20952380952381
2018-08-09,40040.28,283,322,204,283,141.4850883392226,30,0.10714285714285714,4.280276816608996
2018-08-10,33424.73,253,268,182,252,132.11355731225296,26,0.10441767068273092,4.141176470588236
2018-08-11,25960.93,186,216,141,186,139.57489247311827,8,0.043243243243243246,4.262032085561497
2018-08-12,31524.21,197,227,160,197,160.02137055837562,9,0.04712041884816754,4.269035532994923
2018-08-13,38613.13,288,321,211,287,134.07336805555553,19,0.06690140845070422,4.379310344827586
2018-08-14,44192.840000000004,315,342,228,313,140.29473015873018,35,0.11254019292604502,4.2025316455696204
2018-08-15,45574.04,285,317,208,285,159.90891228070177,24,0.0851063829787234,4.3087719298245615
2018-08-16,35670.61,318,353,214,317,112.17172955974843,28,0.08860759493670886,4.377358490566038
2018-08-17,31730.67,255,289,203,253,124.434,11,0.04417670682730924,4.391732283464567
2018-08-18,24340.95,196,206,154,196,124.18852040816327,5,0.025906735751295335,4.319796954314721
2018-08-19,25487.39,204,226,161,203,124.9381862745098,11,0.05392156862745098,4.446078431372549
2018-08-20,34479.5,252,283,196,252,136.8234126984127,25,0.099601593625498,4.462745098039216
2018-08-21,26323.06,239,258,185,239,110.13832635983265,17,0.07142857142857142,4.407407407407407
2018-08-22,20297.13,186,216,155,185,109.12435483870968,11,0.05945945945945946,4.411764705882353
2018-08-23,17030.87,142,161,112,142,119.93570422535211,7,0.04929577464788732,4.409722222222222
2018-08-24,9633.61,98,117,78,98,98.30214285714287,9,0.09375,4.191919191919192
2018-08-25,10599.41,69,75,66,69,153.61463768115942,1,0.014492753623188406,4.449275362318841
2018-08-26,8070.71,73,82,68,73,110.55767123287671,1,0.0136986301369863,4.4520547945205475
2018-08-27,5345.91,66,71,60,66,80.99863636363636,6,0.09090909090909091,4.424242424242424
2018-08-28,3673.91,39,45,35,39,94.20282051282051,1,0.02564102564102564,4.090909090909091
2018-08-29,1546.04,11,16,11,11,140.5490909090909,0,0.0,3.9285714285714284
2018-09-03,145.0,1,1,1,1,145.0,0,,1.5

